print;athlas;story;page;image;label;code;transfer_codes;scen;todos;actions;addons;—;«»;{comm}{ecomm}{say}{said}{page:}{3mm}{comm}{ecomm}{say}{said}{page:}{3mm};На этой странице, если ты <b>НЕ согласен</b> с выбором Гипнотизера — ты <b>можешь</b> явно сказать «нет!» и <b>выбрать другой вариант</b>.;На этой странице, если ты <b>НЕ согласен</b> с выбором Гипнотизера — ты <b>можешь</b> явно возразить «Но нет же!» и <b>выбрать другой вариант</b> действий самостоятельно.
1;unknown;revelator;entry_what_seen;;;;;Я был в духе в день воскресный, и слышал позади себя громкий голос, как бы трубный, который говорил: Я есмь Альфа и Омега, Первый и Последний. <br>Я обратился, чтобы увидеть, чей голос, говоривший со мною{semi} и обратившись, увидел семь золотых светильников и, посреди семи светильников, подобного Сыну Человеческому, облеченного в подир и по персям опоясанного золотым поясом: глава Его и волосы белы, как белая волна, как снег{semi} и очи Его, как пламень огненный{semi} и ноги Его подобны халколивану, как раскаленные в печи, и голос Его, как шум вод многих.<br/>Он держал в деснице Своей семь звезд, и из уст Его выходил острый с обеих сторон меч{semi} и лице Его, как солнце, сияющее в силе своей. <br/>И когда я увидел Его, то пал к ногам Его, как мертвый. И Он положил на меня десницу Свою и сказал мне: не бойся{semi} Я есмь Первый и Последний, и живый{semi} и был мертв, и се, жив во веки веков, аминь{semi} и имею ключи ада и смерти.;Итак скажи, что ты видел как главное: семь звёзд или семь светильников?;{comm}Семь Звёзд{ecomm}{say}Семь Звёзд видел я — то Ангелы семи Церквей.{said}Чинно проследуй {page:saw_stars}{3mm}{comm}Семь Светильников{ecomm}{say}Я видел Семь Святильников, кои есть сама суть семи Церквей.{said}Осознав это, отправляйся {page:saw_lights}{3mm};;;;;;
1;unknown;revelator;saw_stars;;;;;Голос, гремящий из ниоткуда, заполоняющий всё существо, приказывает мне, и по слову его глаголю и приказываю! Ангелам напиши:<br/>так говорит Держащий семь звезд в деснице Своей, Ходящий посреди семи золотых светильников<br/>так говорит Первый и Последний, Который был мертв, и се, жив<br/>так говорит Имеющий острый с обеих сторон меч<br/>так говорит Сын Божий, у Которого очи, как пламень огненный, и ноги подобны халколивану<br/>так говорит Имеющий семь духов Божиих и семь звезд: знаю твои дела{semi} ты носишь имя, будто жив, но ты мертв<br/>так говорит Святый, Истинный, имеющий ключ Давидов, Который отворяет — и никто не затворит, затворяет — и никто не отворит<br/>так говорит Аминь, свидетель верный и истинный, начало создания Божия.{3mm}Я понимаю, что грядёт конец всему.;Должен ли я каяться, негодовать или же наблюдать происходящее и стараться всё хорошенько запомнить?;{comm}Раскаиваться{ecomm}{say}Я искренне раскаиваюсь во всём, что было мною совершено плохого в жизни. Кровавые слёзы капают по моим щекам.{said}{1mm}<b>Получаешь 1 Красный</b> Камень. Раскаявшись, иди {page:repent}{3mm}{comm}Негодовать{ecomm}{say}Во мне всё больше зреет негодование в связи с несправедливостью того, что Страшный Суд неизбежен. Как же так?!{said}{1mm}<b>Получаешь 1 Зеленый</b> Камень. Негодуя, отправляйся {page:resent}{3mm}{comm}Наблюдать и запоминать{ecomm}{say}Мне следует досконально запомнить всё, что я вижу, так как это Откровение, которое я смогу передать потомкам!{said}{1mm}<b>Получаешь 1 Синий</b> Камень. Переходи {page:memorize};;;;;;
1;unknown;revelator;saw_lights;;;;;Свет проник в мою душу, и я на время теряю способность видеть. Но вскоре зрение возвращается ко мне.{3mm}После сего я взглянул, и вот, дверь отверста на небе, и прежний голос, который я слышал как бы звук трубы, говоривший со мною, сказал: взойди сюда, и покажу тебе, чему надлежит быть после сего.<br/>И тотчас я был в духе{semi} и вот, престол стоял на небе, и на престоле был Сидящий{semi} и Сей Сидящий видом был подобен камню яспису и сардису{semi} и радуга вокруг престола, видом подобная смарагду.<br/>И вокруг престола двадцать четыре престола{semi} а на престолах видел я сидевших двадцать четыре старца, которые облечены были в белые одежды и имели на головах своих золотые венцы.<br/>И от престола исходили молнии и громы и гласы, и семь светильников огненных горели перед престолом, которые суть семь духов Божиих{semi} и перед престолом море стеклянное, подобное кристаллу{semi} и посреди престола и вокруг престола четыре животных, исполненных очей спереди и сзади. ;Стоит ли рассмотреть поближе животных или же старцев?;{comm}Рассмотреть животных{ecomm}{say}Животные чудесные, нужно посмотреть на них поближе!{said}Иди рассматривать их {page:look_animals}{3mm}{comm}Рассмотреть старцев{ecomm}{say}Старцы мудры, стоит присмотреться к ним внимательнее!{said}Отправляйся к ним {page:look_oldmen}{3mm};;;;;;
1;unknown;revelator;repent;;;$sack->add('R');;Осознание того, сколько плохого было совершено в жизни, захлёстывает с головой, и перед глазами предстаёт аллегорическая картина.{3mm}И видел я в деснице у Сидящего на престоле книгу, написанную внутри и отвне, запечатанную семью печатями.<br/>И видел я Ангела сильного, провозглашающего громким голосом: кто достоин раскрыть сию книгу и снять печати ее?<br/>И никто не мог, ни на небе, ни на земле, ни под землею, раскрыть сию книгу, ни посмотреть в нее.<br/>И я много плакал о том, что никого не нашлось достойного раскрыть и читать сию книгу, и даже посмотреть в нее. ;Я самый недостойный из недостойных, я плачу. Но что же делать дальше?;{comm}Отдаться на волю судьбы{ecomm}{say}Не нужно ничего предпринимать. Я верую и моя душа полна любви, хотя и запоздалой, ко всему живому в этом мире, который сейчас будет уничтожен своим создателем. Этого достаточно.{said}{1mm}<b>Получаешь 1 Красный</b> Камень.{1mm}Иди {page:surrender_to_fate}{3mm}{comm}Искать ответы{ecomm}{say}Необходимо разобраться в том, что мною движет. Вся эта фантасмагория напоминает бред сумасшедшего. Мне срочно нужно проверить, где я нахожусь и что чувствую на самом деле{said}{1mm}<b>Получаешь 1 Синий</b> Камень.{1mm}За ответами отправляйся {page:find_answers};В этой Локации ты делаешь свой выбор сам, без участия Гипнотизера!;;;;;
1;unknown;revelator;resent;;;$sack->add('G');;Как ни негодуй, а Суд неизбежен!{3mm}И я видел, что Агнец снял первую из семи печатей, и я услышал одно из четырех животных, говорящее как бы громовым голосом: иди и смотри.<br/>Я взглянул, и вот, конь белый, и на нем всадник, имеющий лук, и дан был ему венец{semi} и вышел он как победоносный, и чтобы победить.<br/>И когда он снял вторую печать, я слышал второе животное, говорящее: иди и смотри.<br/>И вышел другой конь, рыжий{semi} и сидящему на нем дано взять мир с земли, и чтобы убивали друг друга{semi} и дан ему большой меч.<br/>И когда Он снял третью печать, я слышал третье животное, говорящее: иди и смотри. Я взглянул, и вот, конь вороной, и на нем всадник, имеющий меру в руке своей.<br/>И когда Он снял четвертую печать, я слышал голос четвертого животного, говорящий: иди и смотри.<br/>И я взглянул, и вот, конь бледный, и на нем всадник, которому имя «смерть»{semi} и ад следовал за ним{semi} и дана ему власть над четвертою частью земли — умерщвлять мечом и голодом, и мором и зверями земными.;Должен ли я позволить Агнцу вскрыть пятую печать, или пора убить эту богоугодную овцу?;{comm}Позволить вскрыть{ecomm}{say}Поразмыслив здраво, я решил, что эксперимент требует, чтобы Ангец снимал печати и далее.{said}{1mm}<b>Получаешь 1 Синий</b> Камень.{1mm}Решив так, иди {page:surrender_to_fate}{3mm}{comm}Убить Агнца!{ecomm}{say}Вся эта фантасмагория сводит меня с ума. Сил нет терпеть этот бред! Я вытаскиваю Томми-Ган и высаживаю в сраную овцу всю обойму. Нехрен открывать то, что должно быть запертым!!!{said}{1mm}<b>Получаешь 2 Зеленых</b> Камня.{1mm}Совершив расправу, гордо шагай {page:find_answers}{3mm};В этой Локации ты делаешь свой выбор сам, без участия Гипнотизера!;;;;;
1;unknown;revelator;memorize;;;$sack->add('B');;Я стою посреди разворачивающейся картины и стараюсь не упустить ни единой детали.{3mm}И я взглянул, и вот, посреди престола и четырех животных и посреди старцев стоял Агнец как бы закланный, имеющий семь рогов и семь очей, которые суть семь духов Божиих, посланных во всю землю.<br/>И Он пришел и взял книгу из десницы Сидящего на престоле.<br/>И когда он взял книгу, тогда четыре животных и двадцать четыре старца пали пред Агнцем, имея каждый гусли и золотые чаши, полные фимиама, которые суть молитвы святых.<br/>И поют новую песнь, говоря: достоин Ты взять книгу и снять с нее печати, ибо Ты был заклан, и Кровию Своею искупил нас Богу из всякого колена и языка, и народа и племени, и соделал нас царями и священниками Богу нашему{semi} и мы будем царствовать на земле.;Всё это крайне любопытно. Стоит ли мне прислушаться к чувствам или к голосу разума?;{comm}Слушать чувства{ecomm}{say}Я верую, и моя душа полна любви, хотя и запоздалой, ко всему живому в этом мире, который сейчас будет уничтожен своим создателем.{said}{1mm}<b>Получаешь 1 Красный</b> Камень.{1mm}Чувства ведут тебя {page:surrender_to_fate}{3mm}{comm}Слушать разум{ecomm}{say}Вся эта фантасмагория напоминает бред сумасшедшего. Мне срочно нужно проверить, где я нахожусь и что чувствую на самом деле.{said}{1mm}<b>Получаешь 1 Синий</b> Камень.{1mm}Разум отправляет тебя {page:find_answers}{3mm};В этой Локации ты делаешь свой выбор сам, без участия Гипнотизера!;;;;;
1;unknown;revelator;look_animals;;;;;Я приглядываюсь к животным, исполненным очей.{3mm}И первое животное было подобно льву, и второе животное подобно тельцу, и третье животное имело лице, как человек, и четвертое животное подобно орлу летящему.<br/>И каждое из четырех животных имело по шести крыл вокруг, а внутри они исполнены очей{semi} и ни днем, ни ночью не имеют покоя, взывая: свят, свят, свят Господь Бог Вседержитель, Который был, есть и грядет. ;{quot}Свят-свят-свят бог-Саваоф!{quot} — слышится пение, и тут я...;{comm}Я верую!{ecomm}{say}Я верую, и моя душа полна любви, хотя и запоздалой, ко всему живому в этом мире, который сейчас будет уничтожен своим создателем.{said}{1mm}<b>Получаешь 1 Красный</b> Камень.{1mm}Чувства ведут тебя {page:surrender_to_fate}{3mm}{comm}Я не верю!{ecomm}{say}Вся эта фантасмагория напоминает бред сумасшедшего. Мне срочно нужно проверить, где я нахожусь и что чувствую на самом деле.{said}{1mm}<b>Получаешь 1 Синий</b> Камень.{1mm}Разум отправляет тебя {page:find_answers}{3mm};В этой Локации ты делаешь свой выбор сам, без участия Гипнотизера!;;;;;
1;unknown;revelator;look_oldmen;;;;;Я присматриваюсь к тому, как ведут себя старцы.{3mm}И когда животные воздают славу и честь и благодарение Сидящему на престоле, Живущему во веки веков, тогда двадцать четыре старца падают пред Сидящим на престоле, и поклоняются Живущему во веки веков, и полагают венцы свои перед престолом, говоря: {quot}Достоин Ты, Господи, приять славу и честь и силу: ибо Ты сотворил все, и все по Твоей воле существует и сотворено.{quot};Всё это крайне любопытно. Стоит ли мне прислушаться к чувствам или к голосу разума?;{comm}Слушать чувства{ecomm}{say}Я верую, и моя душа полна любви, хотя и запоздалой, ко всему живому в этом мире, который сейчас будет уничтожен своим создателем.{said}{1mm}<b>Получаешь 1 Красный</b> Камень.{1mm}Чувства ведут тебя {page:surrender_to_fate}{3mm}{comm}Слушать разум{ecomm}{say}Вся эта фантасмагория напоминает бред сумасшедшего. Мне срочно нужно проверить, где я нахожусь и что чувствую на самом деле.{said}{1mm}<b>Получаешь 1 Синий</b> Камень.{1mm}Разум отправляет тебя {page:find_answers}{3mm};В этой Локации ты делаешь свой выбор сам, без участия Гипнотизера!;;;;;
1;unknown;revelator;surrender_to_fate;;;$sack->add('R');;Я верую, и я готов к Суду.{3mm}И когда Он снял пятую печать, я увидел под жертвенником души убиенных за слово Божие и за свидетельство, которое они имели.<br>И возопили они громким голосом, говоря: доколе, Владыка Святый и Истинный, не судишь и не мстишь живущим на земле за кровь нашу?<br>И даны были каждому из них одежды белые, и сказано им, чтобы они успокоились еще на малое время, пока и сотрудники их и братья их, которые будут убиты, как и они, дополнят число.<br>И когда Он снял шестую печать, я взглянул, и вот, произошло великое землетрясение, и солнце стало мрачно как власяница, и луна сделалась как кровь.<br>И звезды небесные пали на землю, как смоковница, потрясаемая сильным ветром, роняет незрелые смоквы свои.<br>И небо скрылось, свившись как свиток{semi} и всякая гора и остров двинулись с мест своих.<br>И цари земные, и вельможи, и богатые, и тысяченачальники, и сильные, и всякий раб, и всякий свободный скрылись в пещеры и в ущелья гор, и говорят горам и камням: падите на нас и сокройте нас от лица Сидящего на престоле и от гнева Агнца{semi} ибо пришел великий день гнева Его, и кто может устоять?{3mm}{2mm}Мир вокруг падает в круговорот, и я тоже падаю, перед глазами мелькают звёзды, яркий свет заполняет всё пространство, а затем картина меняется.;;Отправляйся {page:afterparty};;;;;;
1;unknown;revelator;find_answers;;;$sack->add('B');;Тут начало происходить что-то совершенно невообразимое.{3mm}Первый Ангел вострубил, и сделались град и огонь, смешанные с кровью, и пали на землю{semi} и третья часть дерев сгорела, и вся трава зеленая сгорела.<br>Второй Ангел вострубил, и как бы большая гора, пылающая огнем, низверглась в море{semi} и третья часть моря сделалась кровью, и умерла третья часть одушевленных тварей, живущих в море, и третья часть судов погибла.<br>Третий ангел вострубил, и упала с неба большая звезда, горящая подобно светильнику, и пала на третью часть рек и на источники вод. Имя сей звезде «полынь»{semi} и третья часть вод сделалась полынью, и многие из людей умерли от вод, потому что они стали горьки. {3mm}Я понимаю: с меня хватит. Я поднимаю глаза к небу. На небе бешено крутится солнце, и я цепляюсь за это кручение как за спасительную верёвку. Внезапно я понимаю: всё это всего лишь сон! Я могу проснуться!{3mm}{2mm}Мир вокруг падает в круговорот, и я тоже падаю, перед глазами мелькают звёзды, яркий свет заполняет всё пространство, а затем картина меняется. ;;Отправляйся {page:afterparty};;;;;;
1;unknown;revelator;afterparty;;;;;Почему-то мне кажется, что где-то далеко, за поворотом пляжа, есть город...{3mm}Я, скорчившись, лежу в своем убежище за холмиком мокрого песка, обхватив руками колени, и дрожу.<br>Я остаюсь в таком положении очень долго, даже  после того,  как  дрожь  улеглась.  Город,  если это был город, был невысоким  и  серым. Время от времени город исчезал за клубами тумана, стелющегося над тихими мерными волнами прибоя. Внезапно я думаю, что это вовсе не город, а одно большое здание, возможно, разрушенное{semi} но я никак не мог определить расстояние до него.;Как мне поступить? Осмотреться по сторонам или, прежде всего, понять, как я себя чувствую, не произошло ли со мной что-нибудь?;{comm}Осмотреться по сторонам{ecomm}{say}Сам от себя я никуда не убегу, а вот вокруг может оказаться что-то интересное… или опасное.{said}Отправляйся {page:look_around}{3mm}{comm}Разобраться в себе{ecomm}{say}После таких приключений первое дело — восстановить самоконтроль. Заодно проверить, не выросли ли у меня крылья... или рога?{said}Иди {page:feelings}{3mm};;;;;;
1;unknown;revelator;look_around;;;;;Я оглядываюсь по сторонам.<br>Песок черный, но не абсолютно —  цвета аморфного серебра. Пляж песчаный, очень длинный, песок влажный, на нём нет никаких следов{semi} людей не видно. Небо цвета серебра. Над ним пронзительно закричала чайка. Я вздрагиваю.<br>Поднимается ветер.<br>Прилив кончился, и на берегу видны красивые песчаные волны, настолько искусные и ровные, что кажется, что они специально созданы рукой художника. Вдалеке, у кромки моря, видны очертания города.;Следует ли мне постараться достичь города, или же исследовать пляж?;{comm}Идти в город{ecomm}{say}Я решительно двигаюсь в сторону города.{said}Дорога к городу лежит {page:to_city}{3mm}{comm}Осмотреть пляж{ecomm}{say}Я иду вдоль кромки воды по пляжу, рассчитывая обнаружить что-нибудь интересное{said}Иди {page:examine_beach}{3mm};;;;;;
1;unknown;revelator;feelings;;;;;Мне холодно и тревожно. Я обнимаю себя руками, баюкаю и успокаиваю, напевая колыбельную без слов и мелодии. Я прячу лицо в колени и плачу от горечи, плачу о потере, хотя не знаю, о какой именно. Звуки моих рыданий такие же далекие и чужие, как и крик высматривающей добычу чайки. Наконец я уже не могу рыдать, потому что слезы иссякают и начинает болеть горло.<br>Становится темнее, и теперь я дрожу уже не от горя, а от холода, и именно холод заставляет меня встать.    ;Следует ли мне постараться достичь города, или же поискать на пляже укрытие на ночь?;{comm}Идти в город{ecomm}{say}Я встаю и решительно двигаюсь в сторону города.{said}Дорога к городу лежит {page:to_city}{3mm}{comm}Осмотреть пляж{ecomm}{say}Я встаю и неторопливо иду вдоль кромки воды по пляжу, рассчитывая обнаружить что-нибудь интересное{said}Иди {page:examine_beach}{3mm};;;;;;
1;unknown;revelator;to_city;;;;;Сделав несколько десятков шагов по направлению к городу, я оглядываюсь и смотрю назад, в сгущающуюся тьму. Мои следы цепочкой змеятся от места прибытия. До него и вокруг песок гладкий и ровный.<br>Я вижу свет, когда прохожу чуть более мили. В моей голове звучит голос. Именно он обращает моё внимание на далекое оранжево-красное свечение справа, в стороне от моря. На самом деле я знаю, что никакого голоса нет, что он  — плод моего воображения, а не часть спектакля, который передо мной сейчас разыгрываестся, но по большому счету  это не имеет значения. Голос говорит мне:<br>- Ей-богу, дружище, ты меня удивляешь — какой  длинный путь ты способен проделать, чтобы достичь наконец саморазрушения! А какие усилия ты к этому прилагаешь!;Я размышляю, идти ли мне дальше, или ответить голосу, а значит и себе, на вопрос, что же происходит на самом деле.;{comm}Дальше в город{ecomm}{say}Я упорно двигаюсь дальше в сторону города. Странно, но, несмотря на ночь, я совершенно не вижу огней. Я иду всю ночь, замерзая по дороге. Затем я иду целый день, и когда вижу этот город, мне кажется, что до него рукой подать. Но, как я ни стараюсь, я не могу достичь города. Он не становится ближе. Но затем он сам будто бы приближается и показывается мне, несколько раз, и я вижу, что это такое на самом деле.  Иногда это заброшенное здание, совсем пустое и без людей, а иногда мне кажется, что я вижу свет фар автомобиля или что-то еще...<br>И всё это...будто бы уменьшается, становится тем меньше, чем ближе ты подходишь.{said}Иди {page:the_wave}{3mm}{comm}Ответить на вопрос{ecomm}{say}Я цепляюсь разумом за догадку, которая настигла меня, и развиваю её в цельную мысль, отвечая на незаданный вопрос{said}За ответом отправляйся {page:answer_question}{3mm};;;;;;
1;unknown;revelator;examine_beach;;;;;Темнота вокруг кромешная, сплошная, и единственный звук, который я слышу — шум прибоя. Я пытаюсь вернуться назад по собственным следам. Проходит еще немного времени, а я по-прежнему иду по песку.<br>И вот он появиляется передо мной и становится все ярче с каждым моим шагом.<br>Маяк, на вершине которого горит огонь. Его подножие занесено песком, а вход в мощной, почти в метр толщиной стене, низкий и узкий, без двери. Мои пальцы касаются холодной стены. Внутри пылает костер, на песке перед входом мечутся тени.;Должен ли я войти внутрь или задуматься о том, что происходит и почему пространство вокруг такое странное?;{comm}Зайти внутрь маяка{ecomm}{say}Я вхожу внутрь маяка, навстречу огню. Мне холодно, и я хочу отдохнуть...{said}Перейди {page:inside_bunker}{3mm}{comm}Остановиться и подумать{ecomm}{say}Я задумываюсь о ряде несостыковок в последних событиях, и мои размышления приводят меня к неожиданному, но закономерному выводу.{said}Нужно пройти {page:answer_question}{3mm};;;;;;
1;unknown;revelator;answer_question;; +B;$sack->add('B');;Я мертвец, и все вокруг мертвецы. Всё, что я вижу вокруг себя — ничего не значит. Мой разум умирает, и всё, что сейчас происходит — происходит в последние секунды, отпущенные мне. Я сейчас сижу на собственной заднице в библиотеке, и мой мозг мертв. И очень скоро всё это пространство тоже будет мертво, если у меня не найдётся хотя бы капелька разума, чести или ярости, не важно уже, чего, чтобы это исправить!<br>— Поэтому ты перетащил меня сюда? — выкрикиваю я в пространство вопрос, — Это ты двигал звёзды, складывая их в узоры? Считаешь, что я что-то сделаю для тебя просто потому, что ты делаешь мне больно? Потому что тебе казалось, будто моя земля, мой дом, имеет для меня какое-то значение, черт тебя побери?! Ну так и иди со всем этим знаешь куда... Ты преуспел. Сейчас тебе удалось подловить меня. Но мне все это до лампочки, понял? Думаешь, меня это задевает? Убери от меня все это дерьмо!<br>Голос ничего не отвечает мне. Краем взора уловив какое-то движение с моря, я перевожу взгляд на горизонт — но вижу лишь его...{2mm}{quot}Это ваш Горизонт событий,{quot} — вновь говорит голос в моей голове. Я понимаю, что он прав. Тогда я отвергаю идею идти к городу и смотрю в сторону моря. Передо мной на песке видны надписи. Какие-то причудливые серии иероглифов, выворачиваясь из-под ног, струятся за мной следом, одни отставая, другие опережая меня. Я иду к воде, не отрывая взгляда от бликов на её поверхности. Кричит чайка, я ищу её глазами. Тогда я замечают вдалеке, у самой линии горизонта, что-то движущееся, перекатывающееся, встающее над морем.;;Получи <b>1 Синий Камень</b> и отправляйся {page:the_wave}{3mm};;;;;;
1;unknown;revelator;inside_bunker;; +R;$sack->add('R');;Перед очагом из ржавого железного листа, в котором горит плавник, сидит девушка{semi} ветер вытягивает дым наружу через мятую трубу. Единственным источником света в помещении является костер.<br>Я принимаю объятия девушки, ем пищу, которую она мне предлагает, занимаю место рядом с ней в гнезде из старых одеял на потрепанной подстилке. Я смотрю, как она спит, и слушаю ветер, свистящий над крышей. Каждый час или около того я поднимаюсь, иду к очагу и мешаю угли, подбрасываю в костер плавник из груды под стеной. Наконец, я ложусь спать.{3mm}Меня будит музыка, но сначала я решаю, что просто слышу своё сердце. Я сажусь в постели, вздрагиваю от утренней свежести, накидываю на плечи куртку. Из двери сочится серый утренний свет. Костер давно не горит. Я выхожу наружу, к морю. Я ступаю на пляжный песок, и быстро забываю обо всём, так как с моря идёт огромная волна, высотой до самого неба...;;Ты <b>получаешь 1 Красный</b> Камень.{1mm}Чтобы узнать, что будет дальше, отправляйся {page:mirrors}{3mm};;;;;;
1;unknown;revelator;the_wave;;;;;Над горизонтом ослепительно сияла блестящая, переливающаяся сине-зелёными цветами, ровная полоса. <br>Утро красиво, и если бы не огромная стена воды прямо напротив меня, медленно растущая в синее небо, оно было бы просто прекрасно: тихое, прозрачное, в меру прохладное, пронизанное косыми розовыми лучами солнца. Между волной и горизонтом, который теперь будто бы поднялся, оставалась только узкая темно-синяя прорезь неба, да красное солнце. {3mm}Я зачарованно смотрю на то, как завихряются брызги воды. Стена воды всё приближается, и я не могу оторвать от неё глаз или сдвинуться с места. Волна смывает меня, и я кружусь в водовороте, пока, наконец, не падаю в самый его центр.;;Отправляйся {page:mirrors}{3mm};;;;;;
1;unknown;revelator;mirrors;;;;;Я стою по щиколотку в зелёной траве. Дует приятный ветер, светит солнце. С трёх сторон от меня — огромные, в рост, зеркала, и я отражаюсь в них многократно. <br>Я не могу сдвинуться с места, так меня удерживают три тяжёлых взгляда — кто-то смотрит на меня из глубин зеркал. Мне кажется, что взгляды — они пересекаются прямо внутри меня, пронизывают, что между ними происходит борьба. Будто три меча проткнули моё сердце, наполнив его одновременно страхом и благоговением.<br>Голоса из зеркал терзают меня вопросами, а те, кто говорят этими голосами, шлют мне видения. ;Следует ли мне прислушаться к голосам или узреть то, что мне хотят показать?;{comm}Прислушаться к голосам{ecomm}{say}Мне следует внимательно слушать речи Голосов.{said}Они ведут тебя {page:voices}{3mm}{comm}Узреть{ecomm}{say}Мне следует взглянуть в глаза страху и отдаться во власть видений.{said}{page:look_and_see}{3mm};;;;;;
1;unknown;revelator;voices;;;;;Я обращаюсь в слух.{3mm}Хор произносит речь, и мне кажется, что мой слух не выдержит громовых голосов: {quot}Ты видел, что близится конец мира! Твоё сознание не в силах вместить всего, но даже того, что ты смог понять, достаточно! Ты, человек, ничтожен перед лицом беспощадной, вечной, всепоглощающей смерти! Что ты умеешь, слабый и малый, когда против тебя Рок? Что ты противопоставишь Забвению?{quot}{1mm}Хор голосов раскатисто смеётся, а я всё сильнее зажмуриваю глаза.{3mm}Первый голос говорит, и в нём я слышу материнскую любовь, сестринскую нежность и страсть любовницы: {quot}Я помогу тебе! Доверься сердцу и чувствам! Дай мне вложить в твою душу ярость, а в твои уста слова, что разожгут эту ярость в твоих последователях! Смерть не страшна, когда рядом друзья и родные! Смерть отступит, если вы вместе бросите вызов!{quot}<br>Второй голос говорит, и в нём я слышу спокойную уверенность, которая помогает мне собраться с мыслями: {quot}Слабость — в неведении. Я помогу тебе познать, что есть жизнь и что есть смерть, так ты разберёшься, как отличить одно от другого и без труда вычистишь со своей земли то, что ей чуждо.{quot}<br>Третий голос говорит, и в нём я слышу решимость, твёрдость, уверенность и непреклонность: {quot}Встань и сражайся! Я помогу тебе преодолеть страх, ведь именно он убивает тебя, именно он и есть сама смерть! Всё остальное ты сможешь сделать сам!{quot};Так что мне теперь делать, прислушаться к тому, что мне советуют голоса, или игнорировать их и искать ответы самому?;{comm}Прислушаться к советам{ecomm}{say}Голоса предлагают выход. Передо мной ключи от загадки, я сумею разгадать её, и отстоять своё!{said}Отправляйся {page:obey_voices}{3mm}{comm}Игнорировать голоса{ecomm}{say}Меня порадком утомило всё, что хочет склонить меня на свою сторону. Я сам решу, что мне делать. В одиночестве.{said}Иди {page:ignore_voices}{3mm};На этой странице выслушай совет Гипнотизера, но решение прими сам!;;;;;
1;unknown;revelator;look_and_see;;;;;Я смотрю во все глаза.{3mm}Я могу видеть сразу в три зеркала, как будто у меня три головы. Я проваливаюсь всё глубже и глубже в лабиринт зеркал, моё зрение улавливает мельчайшие детали картин, которые мне предстают. Пустыни Невады — пылают, болота Мэн — пылают, джунгли Флориды — пылают. Всё охвачено огнём, спускающимся с факела Статуи Свободы. Но никакой огонь не может уничтожить чудовищную слизь, смешавшуюся с землёй моей родной страны, ничто не может остановить беспощадную поступь мёртвых, гниющих солдат, что поднимаются раз за разом из земли, навстречу огню. Всё тщетно. Гнинение и тлен — вот судьба Америки!{3mm};;Иди {page:see_protectors}{3mm};;;;;;
1;unknown;revelator;see_protectors;;;;;Я вижу, как с неба падает радуга, мостом перекинувшись к тем, кто ещё жив. И на месте, где стоит основание этого моста, земля очищается и покрывается свежей травой, такой же, в какой я стою.{3mm}Я вижу, как всадник скачет по болотам и грязи и как разит мечом отвратительных мертвецов. Те падают на землю, рассыпаются в прах, а прах уносит ветер, такой же, какой сейчас треплет мои волосы, и болезнь уходит из тех мест.{3mm}Я вижу, как мудрец, чьё лицо скрыто тенью, тихо шепчет что-то и делает пасс рукой, и время по его слову поворачивается вспять, пространство выворачивается наизнанку, и в том месте, куда дотягивается его воля, земля перерождается из самой себя, отражаясь в себе самой такой, какой была до осквернения.;Так и я, отразившись в зеркалах, снова возвращаюсь к себе. Время принять решение: верить ли видениям или решить, что они — лишь очередной сон?;{comm}Верить видениям{ecomm}{say}Видения похожи на ключи от загадки, я сумею разгадать её, и отстоять своё!{said}Отправляйся {page:obey_voices}{3mm}{comm}Это просто сон!{ecomm}{say}Всё, что я видел — не более, чем сон.{said}Иди {page:ignore_voices}{3mm};На этой странице выслушай совет Гипнотизера, но решение прими сам!;;;;;
1;unknown;revelator;ignore_voices;; +G;$sack->add('G');;Довольно меня сегодня мучили сновидения! Это кошмары, от которых нужно проснуться, чтобы наконец-то начать что-то делать. Я только трачу время, блуждая в лабиринтах сознания!<br>Я пробую, как и раньше, найти что-нибудь кружащееся, но кружится, кажется, только моя голова. Тошнота подступает к горлу, земля под ногами превращается в вязкую жижу и начинает затягивать всё глубже. Когда же закончится этот кошмар?!;;Прямо сейчас ты можешь <b>НЕ глядя достать из своего мешка ЛЮБОЕ число Камней, чтобы сбросить их</b> (кроме Черных).{3mm}Если среди них наберется хотя бы <b>ПО ТРИ Красных, Синих И Зеленых</b> одновременно или <b>больше ПЯТИ Камней одного цвета</b> — иди {page:check_win}{3mm}А если НЕ наберется, либо если ты вытащищь Черный — иди {page:check_fail};;;;;;
1;unknown;revelator;check_win;;;$sack->msg('Твоя <b>Болезнь перешла в 1-ю</b>, самую легкую <b>стадию</b>.<br>Ближайшие <b>полтора часа она никак НЕ проявляет себя</b> — у тебя не может начаться приступов, и нет других проявлений Болезни.')->msg('Императивное поведение закончилось');;Я резко выдёргиваю ногу из болота и бросаюсь бежать. Меня больше не держит на одном месте. Зеркала падают в траву, и их сразу же засасывает болото. Я бегу, что есть сил, но цепляюсь ногой за корягу и падаю вниз лицом. С громким хлюпом болото принимает меня в свои объятия — и рвется, словно липкая паутина...;;{hypno_end};;;;;;
1;unknown;revelator;check_fail;;;$sack->add('Y')->msg('После пробуждения твоя Болезнь перейдет в следующую стадию, и у тебя немедленно начнется приступ!')->msg('Императивное поведение закончилось');;Я всё глубже проваливаюсь в болото. По щиколотку, по колено, по пояс… Хлюпающая жижа пахнет серой и гнилью, она тянет всё ниже и ниже. Когда она доходит до груди, то начинает казаться, что она достаточно приятная, тёплая...в ней можно было бы жить… Я чувствую, как мои ступни растворяются, как размягчаются кости ног. Я кричу. Я всё ещё в сознании, и я желаю только одного: чтобы жижа наконец-то заполнила мои лёгкие. К несчастью, движение вниз становится всё медленнее.<br>Болото переваривает меня, превращая мои последние часы в непрерывную агонию. Всё, чего я хочу — забвения, смерти, забытья. Последнее, что я слышу — это: {quot}Я решил, что ты заслуживаешь бессмертия…{quot};;{hypno_end};;;;;;
1;unknown;revelator;obey_voices;;;$sack->add('YY');;Мне нужно лишь выбрать путь, принять протянутую руку помощи. Но мне кажется, я что-то упускаю. Я ещё раз внимательно прислушиваюсь и приглядываюсь. Сейчас, в момент моего выбора, меня ничего не тревожит — ни видения, ни звуки. Только ветер гуляет в поле, но разве ветер хороший советчик?;Итак, передо мной зеркала. И что мне теперь делать?;{comm}Любоваться собой{ecomm}{say}А почему бы не полюбоваться своим отражением, наслаждаясь моментом, пока меня не посетит более удачная мысль?{said}Отправляйся {page:overheal}{3mm}{comm}Разбить зеркала!{ecomm}{say}Я должен попытаться уничтожить зеркала, освободив силы, которые в них сокрыты.{said}Решив так, иди {page:combat}{3mm}{comm}Осмотреть зеркала{ecomm}{say}Возможно, мне стоит осмотреть зеркала на предмет тайных рычагов, кнопок или знаков? Хуже-то от этого точно не будет!{said}Ступай {page:inside_mirror};На этой странице выслушай совет Гипнотизера, но решение прими сам!;;;;;
1;unknown;revelator;overheal;; +2Y, lim R +1/+2;"$sack->msg('Твой <b>лимит Красных Камней увеличился на ОДИН!</b><br>А если он теперь <b>самый большой из твоих лимитов — то ЕЩЕ на ОДИН!</b>')->msg('Императивное поведение закончилось');";;Время идёт, и я любуюсь своим отражением в зеркале. Как же красиво! Точные, идеальные линии, соблазнительные черты, обворожительная улыбка. Как, должно быть, прекрасно танцует моё отражение! Как грациозно и плавно двигается! Я улыбаюсь, и улыбается человек в зеркале. Я поднимаю руку, и поднимает руку отражение. Отражение кружится в зеркале... и я кружусь вместе с ним...{2mm}Меня переполняет сила самой жизни, разливаясь по всему телу. Я могу даровать любовь, я ведаю тайны рождения. Я слышу, как растут деревья и как поют птицы, и умею разбирать их речь. Я слышу плач жён по всему свету, и сердце моё рыдает! Я держу за руку каждого сына и дочь, ищущего родителя. Я знаю, что умею рождаться вновь, в каждом и через каждого, если он принимает меня, и если говорит: я с тобой. И тогда я отвечаю ему — мы вместе. Я — женщина, царица и рабыня{semi} дитя, девица, мать и старуха{semi} Луна и вода... Сила моя настолько велика, что я знаю: мне достаточно просто произнести нужные слова, и мир станет таким, как я хочу.;;{say}Я начинаю говорить, но все слова, что приходят на ум — не те, что должны быть сказаны. Сила во мне бурлит, но не находит выхода, а значит, — она бесполезна.{3mm}Где отыскать слова, что выразили бы всю любовь мира?<br>Где отыскать слова, что поражали бы метко, как пуля?<br>Где отыскать слова, равновеликие холодному молчанию небес?{3mm}Не знаешь? Что ж, продолжай искать.{said}{3mm}{hypno_end};;;;;;
1;unknown;revelator;combat;; +2Y, lim G +1/+2;"$sack->msg('Твой <b>лимит Зеленых Камней увеличился на ОДИН!</b><br>А если он теперь <b>самый большой из твоих лимитов — то ЕЩЕ на ОДИН!</b>')->msg('Императивное поведение закончилось');";;Я смотрю в глаза собственому отражению и разбиваю зеркало кулаком. Точно так же я поступаю с двумя другими. Мои удары точны, и осколки рассыпаются в траву, блестят на солнце. От Зеркал остаются только рамы, и из каждой из них выходит вооруженный воин. В руках первого винтовка. В руках второго копьё. Третий держит саблю. Я выхватываю свой револьвер и принимаю бой...{2mm}С первых секунд я полностью уверен, что одержу победу. Я знаю, кого отражало зеркало. Самого лучшего бойца всех времён — меня. Мой первый выстрел опережает выстрел винтовки, и противник падает. Теперь его винтовка — моя, но знаете, за что я не люблю винтовки? Слишком долго перезаряжать. Хорошо, что в барабане у меня ещё 5 патронов. И я точно знаю: сейчас моя пушка не даст осечки. Второй выстрел достаётся противнику с копьём. Третий — противнику с саблей.{1mm}У кого пистолет — тот и прав. А тот, кто прав, всегда стреляет первым. Револьвер у меня в руках превращается в меч, и теперь я уже спокойно смотрю на эту метаморфозу — я победил и принимаю этот символ власти, как должное. Сила моя настолько велика, что я знаю: мне достаточно просто произнести нужные слова, и мир станет таким, как я хочу.;;{say}Я начинаю говорить, но все слова, что приходят на ум — не те, что должны быть сказаны. Сила во мне бурлит, но не находит выхода, а значит, — она бесполезна.{3mm}Где отыскать слова, что выразили бы всю любовь мира?<br>Где отыскать слова, что поражали бы метко, как пуля?<br>Где отыскать слова, равновеликие холодному молчанию небес?{3mm}Не знаешь? Что ж, продолжай искать.{said}{3mm}{hypno_end};;;;;;
1;unknown;revelator;inside_mirror;; +2Y, lim B +1/+2;"$sack->msg('Твой <b>лимит Синих Камней увеличился на ОДИН!</b><br>А если он теперь <b>самый большой из твоих лимитов — то ЕЩЕ на ОДИН!</b>')->msg('Императивное поведение закончилось');";;Я внимательно рассматриваю рамы зеркал. Их покрывает причудливая вязь иероглифов, значение которых мне неизвестно, но я выписываю их в столбик в свой блокнот. Через некоторое время мне становится понятным, что иероглифы представляют собой шифр. Разгадывание шифра занимает у меня время, равное выкуриванию двух сигар. Я укоряю себя за недостаточную гибкость ума: иероглифы — не текст, а цифровая запись. Поделав все нужные расчёты, я обнаруживаю искомые число, угол и направление взгляда.<br>С этой точки чётко видно, что на одной из рам, на которую мой взгляд и направлен, есть небольшая выемка. Я нажимаю на тайную кнопку, и зеркало чуть подаётся назад, словно дверь-вертушка. Я захожу внутрь, оказываясь по ту сторону зеркальной поверхности...{2mm}Я смотрю на мироздание так, как будто оно всё вмещается в область моего обзора. Действительно. Передо мной все загадки, все карты и все миры, будто бы в одной точке. Я стою на дороге из бриллиантовой крошки, расстеленной в бескрайнем просторе космического неба. Мне не нужно оборачиваться, чтобы знать, что у меня за спиной. Отсюда я могу дотянуться до чего угодно, когда угодно, в любом из известных мне сейчас измерений. Сила моя настолько велика, что я знаю: мне достаточно просто произнести нужные слова, и мир станет таким, как я хочу.;;{say}Я начинаю говорить, но все слова, что приходят на ум — не те, что должны быть сказаны. Сила во мне бурлит, но не находит выхода, а значит, — она бесполезна.{3mm}Где отыскать слова, что выразили бы всю любовь мира?<br>Где отыскать слова, что поражали бы метко, как пуля?<br>Где отыскать слова, равновеликие холодному молчанию небес?{3mm}Не знаешь? Что ж, продолжай искать.{said}{3mm}{hypno_end};;;;;;
