print;athlas;story;page;image;music;label;rules;code;transfer_codes;scen;todos;actions;addons;{comm}{ecomm}{say}{said}Иди {page:}{3mm}{comm}{ecomm}{say}{said}Иди {page:};—;«»
1;common;experiment;entry;;beep.mp3;;;;check_ult#B~$_SESSION['exp']['drug'] = 'biology'~check_ult#T ~ $_SESSION['exp']['drug'] = 'tech'~check_ult#P ~ $_SESSION['exp']['drug'] = 'psy' ~;;;"Ты мог попасть сюда <B>ТОЛЬКО</b> в том случае, если только что принял препарат {quot}Непобедимый{quot}.{3mm}Если этого НЕ было — нажимай на ""Экстренное пробуждение"". {3mm}В этом путешествии Гипнотизер не имеет над тобой никакой власти.{3mm}Ты читаешь вслух весь курсивный текст, лично делаешь выбор и следуешь указаниям прямого текста. {3mm}Открой полностью бумажку  принятого тобой препарата и проверь, какая буква указана на сертификате{3mm}{comm}Буква Бета{ecomm} Иди {page:check_ult#B}{3mm} {comm}Буква Тау{ecomm} Иди {page:check_ult#T}{3mm} {comm}Буква Пси{ecomm} Иди {page:check_ult#P}";;;;
1;common;experiment;check_ult;;;;;;;;;ОЧЕНЬ ВАЖНО! Делал ли ты когда-нибудь (на этой игре или предыдущей) Ультимейт?{3mm}{comm}Нет, никогда не делал{ecomm}Иди {page:first_scene}{3mm}{comm}Да, делал{ecomm} Иди {page:ult_reject};;;;
1;common;experiment;ult_reject;;none;;;;;…Я вижу себя с заоблачных высот… Я вижу себя из темных глубин океана… Я вижу себя через потоки пламени… Я стою на земле, крошечный и ничтожный. Такой жалкий, смешной, бессильный… Уязвимый... Я мог бы раздавить себя одним единственным движением пальца, пронзить одним пристальным взгядом, разорвать на части одним лишь Словом... Я смеюсь... Я внизу — уже давно не помеха...;;{hypno_end};;;;
1;common;experiment;first_scene;;Audiomachine _ Angels and Demons.mp3;;;;;Далеко внизу лежат улицы моего города… Мой дом… Моя страна.{1mm}Они близко... Жаждут нашей земли. Желают лишить нас свободы. Сделать рабами. Враги Америки... А значит — мои враги.{1mm}Моей стране нужны отважные парни, мужчины и женщины, готовые сражаться и жертовать ради нее. Ей нужен герой, могучий и смелый защитник, способный на нечто большее. Я здесь — и я готов!;;Иди {page:next};;;;
1;common;experiment;blue_antique;;Audiomachine _ Blood and Stone.mp3;;;;;На западном фронте без перемен. Впрочем, откуда бы им взяться? Чертова тактика позиционной войны, ставшая модной в последние месяцы, предписывает сидеть и не высовываться, обмениваясь с неприятелем артиллерийскими залпами. Цель такой войны — истощить противника экономически и морально. Мораль у моих ребят еще держится, а вот боеприпасов уже не хватает категорически. Когда будут доставлены новые снаряды — одному Богу известно. А наши враги палят почем зря — у них-то, похоже, всего хватает.{2mm}Впрочем, у нас еще есть кое-что. Двенадцать ящиков с химическими снарядами. Дрянь страшная, если честно. На этом участке фронта она не применялась ни одной из сторон, но многие видели фотографии военных корреспондентов, на которых была запечатлена {quot}атака мертвецов{quot} возле крепости Осовец. Отравленные газами русские одним своим видом обратили немцев в панику.{2mm}Пока высшие чины, генералы да маршалы, грызутся по международным судам, у нас тут с противником что-то вроде джентльменского соглашения. Да и прямое начальство сказало — без особого распоряжения не применять. Но сейчас же тот случай, когда до этого самого особого распоряжения мы вполне можем не дожить... ;Что же мне приказать и сделать?;{comm}Решительно исполнять приказ и не применять химическое оружие{ecomm}{hidden}{say}Позиционная война продолжалась. Через четыре дня нам подвезли боеприпасы. Через шесть нам удался небольшой прорыв, и мы продвинулись примерно на километр вглубь. А еще через два дня я получил ранение и был переведен в полевой лазарет.{said}Иди {page:next#green}{ehidden}{3mm}{comm}Воодушевить солдат на прорыв{ecomm}{hidden}{say}Не одному мне надоело сидеть и гнить в окопе. Солдаты дружно рванулись вперед и захватили позиции врага. И... все? Позиционная война на то и позиционная, что для нас это ничего не изменило. Теперь мы сидели в тех же окопах, где раньше сидел противник, а они отошли и окопались чуть дальше. Стоили ли жизни нескольких моих бойцов и мое сквозное ранение в живот небольшой перестановки флажков на штабных картах?..{said}Иди {page:next#red}{ehidden}{3mm}{comm}Наплевать на приказ и использовать химические снаряды{ecomm}{hidden}{say}Я отдал приказ, и наши батареи дали залп газовым оружием. Со стороны окопов противника послышались крики, хрипы и стоны. Но очень скоро я почувствовал две вещи. Во-первых, ветер, который при обычной артиллерийской стрельбе сообщает только небольшую поправку на прицеливание, при использовании газового оружия может в буквальном смысле развернуть всю картину боя в противоположную сторону. И во-вторых, мои предположения о том, что газовые снаряды есть только у нас, оказались неверными. Просто противник тоже соблюдал негласное соглашение. Теперь же у него были развязаны руки. Черт... как тяжело дышать!..{said}Иди {page:next#blue}{ehidden}{3mm}{comm}Понадеяться на личную выучку и подготовку{ecomm}{hidden}{say}{if:$drug=='biology'}Позиционная война — на то и позиционная, что все торчат на своих местах, и места эти, между нами, давно известны. Ходить тихо и незаметно в ночной тишине я умею мастерски, прицельно кидать гранаты — и того лучше. Особенно с этими новомодными пилюлями, обостряющими реакцию... Тремя гранатами я взорвал несколько вражеских орудий. Судя по мощности взрыва, рядом с одним из них лежал неосмотрительно оставленный ящик с метательными зарядами — что ж, тем лучше! Кажется, я выиграл для наших ребят несколько спокойных дней.{else}Вера в себя — это хорошо, если она не превращается в самоуверенность. Насколько я переоценил свои силы в попытке в одиночку пробраться во вражеский лагерь и устроить диверсию, я понял, когда из темноты блеснули несколько вспышек ружейных залпов. А одинокая черная фигурка на бруствере даже на фоне ночного неба — отличная мишень. Пули прошили мое тело и сбросили назад в окоп истекать кровью...{endif}{said}Иди {page:next#biology}{ehidden}{3mm}{comm}Использовать технический перевес{ecomm}{hidden}{say}Насколько я знаю, наши винтовки стреляют дальше и точнее, чем у противника, поэтому я послал пару десятков самых метких стрелков с лучшими винтовками занять соседний холм. Очевидно, вражескому командованию пришла в голову та же самая мысль. Два отряда снайперов столкнулись нос к носу в ближнем бою. В таких случаях обычно исход решает госпожа Удача, но сегодня она была занята на других участках фронта. Стрелки, судя по всему, истребили друг друга в рукопашной — по крайней мере, больше я не слышал выстрелов со стороны того холма ни в нашу, ни в противоположную сторону. Жаль... это были мои лучшие бойцы...{said}Иди {page:next#tech}{ehidden}{3mm}{comm}Использовать скрытые ресурсы психики{ecomm}{hidden}{say}Я впадаю в транс и словно воспаряю над полем боя. Хотя все-таки справедливее его назвать {quot}поле сидения в окопах{quot}. Я проникаю в мысли своего адъютанта... ему сейчас больше всего на свете хочется выпить вина, он известный гуляка... слушаю мысли дежурящего часового... парень отчаянно борется со сном и, чтобы не заснуть, перемножает в уме трехзначные числа. Мой разум проникает дальше, вот и вражеские окопы, вот я вижу командира неприятельской батареи... сейчас я ему скомандую начать огонь по своим. Что за черт? Что за мешанина слов врывается в мое сознание? Ах ты пропасть, я же не знаю их языка, а он, судя по всему — нашего. И мыслит он строго на своем родном языке, и приказы отдает на нем же.{1mm}Прихожу я в себя в лазарете.{1mm} — Командир, вы неожиданно потеряли сознание, у вас пошла кровь носом, — объясняет мне дежурный фельдшер. Но ничего, это бывает, мы вас вылечим!{said}Иди {page:next#psy}{ehidden};;;;
1;common;experiment;blue_modern;;Audiomachine _ No Return.mp3;;;;;"Я еще раз окидываю взглядом обстановку из кабины своего истребителя. Слева надвигается третья волна Харикейнов и Спитов, небо впереди почернело от разрывов зенитных снарядов. Наши семнадцатые ведут ожесточенный огонь, росчерки бортовых Браунингов и истребители прикрытия пока что-то держат врагов на расстоянии. Я вижу, как один за другим летающие крепости открывают бомболюки и сбрасывают свой смертоносный груз — получайте, подонки! Вы сами пришли на нашу землю, и мы очистим её от вас! Но вместе с тем я понимаю, что до нашей цели мы не пробьемся. У моих подопечных — особая задача и особая миссия. Огромная бомба — единственная погруженная на борт проплывающей справа от меня машины — по замыслу командования она должна полностью разрушить прибрежные портовые сооружения и окончательно предотвратить высадку врага на континент. И у парней есть четкие инструкции — где, когда, с какой скоростью и на какой высоте следует сбросить их спецзаряд.{2mm}— Отворачивайте, парни! — ору я в рацию, — вы не пробьетесь через заградительный огонь! Слишком плотный барраж. Приказываю вам уходить!..{1mm}— Принято, сэр, — машина отворачивает, присоединяясь к остальной нашей эскадре, ложащейся на обратный курс...{2mm}Трасса из ""Бритиш Хиспана"" вспарывает небо и на миг пересекает крыло летающей крепости. Второй двигатель мгновенно начинает дымиться...{2mm}— Майк, у тебя мотор горит! — ору я в рацию. — Гаси двигатель, перекрывай подачу, иначе сгорите ко всем чертям!{1mm}Я вижу, как перестает вращаться пропеллер поврежденного двигателя, и пламя медленно, но верно спадает, сменяясь черным шлейфом дыма от догорающего масла и резины. Б-17 начинает терять скорость, все более отставая от остальных наших машин. Истребители сопровождения уходят с основной эскадрой — теперь кроме меня прикрыть парней больше некому.{3mm}Сжав в руке штурвал, я еще раз оцениваю обстановку и прикидываю возможные варианты. Их не так уж и много, если честно. Мы могли бы попытаться удержать врагов на расстоянии яростным огнем — моим и бортовых стрелков — но тогда я окажусь в самой гуще и приму на себя основной удар. А может быть — сосредоточиться, сцепить зубы и показать все, чему меня научили в учебке? Или я мог бы приказать пилоту избавиться от ставшей бесполезной бомбы — она весит почти пять тонн, и без нее машина компенсирует потерю скорости и вернется под прикрытие остальных наших истребителей. А может — время принять таблетки, на которых летают самые яростные и безумные из наших пилотов? Или мне следует полагаться на всю мощь и техническое превосходство моей машины над самолетами противника? Или мне пора задействовать могучие способности моего разума, выйдя за границы человеческого тела?";Что же мне приказать и сделать?;"{comm}Приказать избавиться от бомбы и набирать скорость{ecomm} {hidden}{say}— Майк, — приказываю я пилоту, — избавьтесь от бомбы и догоняйте остальных, я вас прикрою!{1mm}— Но сэр, у нас есть инструкция... — начал было возражать пилот, не понимая, что теряет бесценное время.{1mm}— Выполняйте!{1mm}— Сэр, есть сэр!{1mm}Бомболюк открывается, и пятиметровая туша бомбы начинает свой печальный полет навстречу земле. Словно окрыленный, Б17 начинает выравниваться и постепенно набирать скорость. Удовлетворенно кивнув, я закладываю вираж, заходя на приближающихся Спитов. А зачем небо раскалывается, и все вокруг, от горизонта до горизонта, заливает свет и пламя...{said} Иди {page:next#blue}{ehidden} {3mm} {comm}Только яростный огонь и атака удержат врага на расстоянии!{ecomm} {hidden}{say}Стрелки лупят из Браунингов во все стороны, заставив врагов заложить крутой вираж и уйти подальше от губительного огня. Я бросаюсь на перехват и одну за другой сбиваю две машины. Уцелевшие полностью переключаются на меня, давая нашим парням шанс оторваться. Двое повисают у меня на хвосте, еще один выходит в лобовую атаку. Пуля обжигает мне плечо, заорав от ярости, я втапливаю гашетку, превратив еще одного захватчика в пылающий факел. Я еще пытаюсь тянуть штурвал на себя, чтобы восстановить высоту — но руль направлений и элеваторы уже давно превратились в лохмотья, разорванные вражескими пулями и снарядами. Я вижу — наши парни оторвались и уходят, их не преследуют... Хорошо, что протектированный бензобак еще дает мне время, чтобы... ВОТ ЧЕРТ!!{said} Иди {page:next#red}{ehidden}{3mm} {comm}Взять себя в руки и атаковать по правилам, хотя враг превосходит нас числом{ecomm} {hidden}{say}Я предельно сосредоточен. Крен на крыло. Полубочка. Вираж. Газ на ноль! Не успев сбросить скорость, один из крылатых хищников пролетает передо мной — теперь мы поменялись местами, и я уже не даю ему шанса. Давай, до свидания! Go home, yankee! Ручку на себя, и набирать высоту. Я успеваю сбить еще двоих противников, прежде чем замечаю: снаряды исчерпаны. Развернувшись, я еще пытаюсь маневрировать и поразить врага пулеметным огнем. И мне даже удается это. Соблюдая все мыслимые наставления, и нарушая все мыслимые инструкции, я сделал всё, что мог... Моя машина идет к земле. Но даже отсюда я вижу — враг прекратил преследование и наши парни спасены...{said} Иди {page:next#green}{ehidden}{3mm} {comm}Закинуться таблетками!{ecomm} {hidden}{say}Кровь стучит в висках, перед глазами все залито красной пеленой... Я не различаю неба и земли, и мне наплевать, течет ли по моему лицу масло из пробитого радиатора или моя собственная кровь. Словно ангел смерти с пылающим мечом в руках, я проношусь через ряды противников, сея смерть и разрушение, заставляя противника разлететься, как стая воробьев с писком разлетается от величественного орла! Умрите, умрите, УМРИТЕ!!! Я зажимаю гашетку, и длинная очередь от начала и до конца уходит в тушу неповоротливого урода прямо передо мной. Тот отчаянно лупит в меня изо всех своих стволов, но мне наплевать! Сдохни, УМРИ!! Я не дам тебе пощады... Четырехмоторный гигант медленно заваливается и отправляется на свидание с землей, а я  откидываюсь назад и закрываю глаза. По моему комбинезону блаженным теплом растекается кровь и горящее топливо...{said} Иди {page:next#biology}{ehidden}{3mm} {comm}Выжать всё возможное из техники{ecomm} {hidden}{say}{if:$drug=='tech'}Что ж, у моей машины техническое преимущество — глупо было бы им не воспользоваться. Я выжимаю газ, и моя машина проносится мимо потрясенных Харикейнов, оставляя за собой длинный дымный шлейф реактивного двигателя. Преимущество по высоте — ключевое в воздушном бою. А у меня оно есть, ребятки. Получайте!! Заход на цель, короткое нажатие на гашетку, и отворот. Врагу хватает одного попадания из четырех моих авиационных пушек. Пули и осколки вражеских пулеметов со звоном стучат по обшивке — вот только, парни, моя машинка определенно делалась не из дерева и жести, чего не скажешь про ваши...{1mm}Глядя на экран локатора задней полусферы, я удовлетворенно киваю. Прямо по курсу чисто, на шести тоже. Все кончено. Можно возвращаться на базу и нарисовать себе еще шесть звездочек...{else}— Что ж, ребятки! Настало время показать вам все, на что способна наша техника! Получайте! — я выжимаю газ до упора, и перегрузка вжимает меня в кресло. Мои пушки и пулеметы молотят без устали, одну за другой сбивая вражеские машины. Лишние тридцать миль в час скорости и пара сотен дополнительных снарядов, как вам такое преимущество? Я еще успеваю удивиться, когда огонь из восьми пулеметов и четырех ""Бритиш Хиспана"" превращает мою машину в металлическое крошево. Как же так? Ведь техническое превосходство было на моей стороне?!. Вот же сукины дети — ну ничего, я еще задам эти неудобные вопросы нашим яйцеголовым. Если, конечно, выберусь живым из этого дерьма...{endif}{said} Иди {page:next#tech}{ehidden}{3mm} {comm}Использовать сверхвозможности разума{ecomm} {hidden}{say}Я вхожу в транс, заставив свой разум увидеть мир в его истинных цветах. Вот вражеские пилоты — красные сгустки ненависти или паники, зеленые трассы острых граней смерти и изумрудные клешни, сжимающие поводья крылатых тварей. Синяя чешуя, бирюзовая кровь льется из ран моих противников. Золотые стрелы с черными наконечниками — я посылаю вперед смерть и хаос, предугадывая каждое движение, каждый маневр моих врагов. Команда — я бросаю моего пернатого змея в бок, уводя от вражеского удара — и моя мысль с легкостью выдерживает эту перегрузку. Мысль, но не тело... Мое сознание пролетает вперед, а тело уходит к земле. Я еще успеваю заметить, как по лицу пилота растекается кровь и удивляюсь. Лицо кажется смутно знакомым, словно бы я когда-то видел его в зеркале... Потом приходит чернота...{said} Иди {page:next#psy}{ehidden}";;;;
1;common;experiment;blue_future;;Audiomachine _ Illuminati.mp3;;;;;Чертово будущее наступило. Причем не в той части, где говорилось об излечении всех болезней, счастье для всех даром или хотя бы межзвездных перелетах. А в самом что ни на есть банальном сюжете, изгрызенном вдоль и поперек в этом новомодном кино и низкопробной литературе. Когда у этих идиотов за океаном что-то пошло не так, и смертельная зараза вырвалась из секретных военных лабораторий, наше правительство полагало, что уж нас-то оно не коснется. Теперь пол-Европы кишит этими кровожадными тварями. А вот сегодня зараза добралась и до наших берегов...{2mm}Город обречен, это стало понятно сразу, никакая армия и национальная гвардия сюда уже не успеют. Так что каждый спасается, как может. И вот посреди этого ада я и мой напарник должны спасти целый школьный автобус, набитый детишками — и кто, если не мы. Их старик учитель явно не продержится без нас и двух минут. Хорошо еще, что я суперсолдат, экипированный по последнему слову техники, прошедший спецподготовку в Кэт Коув и иммунный ко всей заразе после известных событий, но это так, мелочи. Проблема в том, что ближайшая дорога на выход из города ведет через темный тоннель, и там, мне это точно известно, затаилась толпа злобных тварей, так и жаждущих теплого мяса. Ломиться туда просто так крайне опасно. Не мне, конечно, меня черта с два возьмешь, а вот гражданские могут пострадать, если эти твари полезут в окна.  А какие варианты?{2mm}Можно, конечно, приказать напарнику пойти и отвлечь тварей — но для него это будет гарантированное самоубийство. Или я могу убедить сделать это старого учителя — он за своих детей, пожалуй, и не такое сделает. Можно воспользоваться моими специальными возможностями — давненько мне не доводилось пострелять на скорость или размяться как следует. Но это означает, что я оставлю автобус без присмотра и защиты — и тогда лучше бы мне управиться побыстрее. А можно еще по-умному поступить, либо воспользовавшись техниками гипнотического транса, либо просто выбрав маршрут в объезд, через переулки и избегая оживленных автострад. Время поджимает, и пора уже что-то решать!..;Что же мне приказать и сделать?;{comm}Приказать напарнику отвлечь тварей{ecomm}{hidden}{say}Парня, конечно, жалко, в конце концов, мы с ним бок о бок прошли огонь, воду и медные трубы, но приказ есть приказ — гражданских, особенно детей, необходимо спасти. Напарник отчаянно трусит, так что мне приходится сунуть ему под нос ствол и посулить вышибить мозги прямо здесь и прямо сейчас, если он не выполнит приказ. Нехотя, он выходит из кабины и нерешительно идет к темному зеву тоннеля. Твари с рычанием выскакиквают на него всей толпой, и он с душераздирающим ревом бежит — хорошо хоть, не к нам, а в сторону. Я даю полный газ, взвизгивают дети, ударившиеся затылками о подголовники кресел, падает в проход их пожилой учитель. Сбив бампером нескольких зазевавшихся тварей, мы пролетаем тоннель, а позади все еще слышны крики обреченного Томми...{said}Иди {page:next#green}{ehidden}{3mm} {comm}Попросить учителя отвлечь тварей{ecomm}{hidden}{say}Пожилой учитель — видно человека старой закалки — не раздумывал ни минуты. Ради детей он, кажется, был готов на все. Мне пришлось дать максимальный газ, чтобы детишки не успели рассмотреть в подробностях, как твари прогрызают шею этому пожилому господину и отрывают ему конечности. Однако истошный детский визг и дружные рыдания дали мне понять — все-таки увидели. Ничего, детки, держитесь, моя задача — вывезти вас из этого городка, и я это сделаю! Плакать о погибшем будем потом!{said}Иди {page:next#red}{ehidden}{3mm} {comm}Найти другой выезд из города{ecomm}{hidden}{say}Я быстро разворачиваю на руле карту города и за полминуты нахожу маршрут по задворкам в объезд. Отлично, эти твари останутся с носом! Не без труда я провожу автобус узкими закоулками, пуская в ход все свое мастерство. Черт! Валявшаяся на дороге железяка пробила заднее колесо автобуса. Ничего, пусть скорость упала, мы все равно уйдем отсюда, в этих тесных переулочках нет ни одной твари, а до выезда остались каких-то три мили... Я осознаю свою ошибку, только когда слышу низкий гул снижающихся над городом бомбардировщиков. Вот же черт! Все-таки решились бомбить!.. Простите, детишки!{said}Иди {page:next#blue}{ehidden}{3mm} {comm}Закинуться таблетками и разобраться с тварями самому{ecomm}{hidden}{say}Новейшие допинг-препараты, разработанные нашей оборонной промышленностью, не дают отказа. Я быстро вмазываюсь препаратом, выхожу из кабины, выламываю из ближайшей скамейки металлическую трубу — сейчас я без усилий делаю это голыми руками — и трехметровыми шагами несусь в тоннель. Мои движения быстры, как молния, я прекрасно вижу в темноте, и один удар моей трубы крошит в куски головы мерзких зомби. Меньше чем через пять минут в тоннеле не остается никого, кроме меня. Только вернувшись к автобусу, я понимаю, что опоздал. Он сиротливо смотрит выбитыми окнами, из которых обильно стекает кровь. В кабине я вижу тело своего напарника, он прижался спиной к ветровому стеклу, в руках у него пулемет, а голова вывернута под неестественным углом. Это конец...{said}Иди {page:next#biology}{ehidden}{3mm} {comm}Расстрелять тварей!{ecomm}{hidden}{say}Зря, что ли, меня на это задание снабдили мощнейшим пулеметом с разрывными пулями? Он, кстати, весит столько, что пользоваться им может только супер сильный солдат, вроде меня. Я перевожу его в режим автоматического огня и вжимаю спусковой крючок. Смертоносные потоки металла и жидкого огня превращают затаившихся в тоннеле тварей в кровавое месиво. На всякий случай я еще докидываю в тоннель пару гранат и возвращаюсь к автобусу. Эй, девочки! Кто разрешал выходить? Какого черта вы выперлись на улицу, я вас спрашиваю? Зачем вы идете ко мне? И почему у вас тупые бессмысленные взгляды, а изо ртов капает слюна? Дьявол, дьявол, ДЬЯВОЛ!!! Похоже, я опоздал...{2mm}Времени перезаряжать пулемет у меня не было, поэтому пришлось просто свернуть им шеи. Все. Больше мне некого спасать...{said}Иди {page:next#tech}{ehidden}{3mm} {comm}Использовать гипнотические способности{ecomm}{hidden}{say}{if:$drug=='psy'}Я одеваю прибор ночного видения и высовываюсь из окна. Да, вон они, в туннеле — мерзкие твари, совершенно без рассудка, с единственными мыслями: {quot}Жрать! Убивать!{quot}. Мне не составляет никакого труда поочередно натравить каждую из тварей на ближайшего соседа. Заодно под раздачу попадают те чудовища, которые попытались подкрасться к остановившемуся автобусу сзади — они тоже начинают грызться с остальными. Я не стал дожидаться, чем кончится схватка двух последних — просто размазал их о радиаторную решетку нашего автобуса. Путь свободен!{else}Я пытаюсь подчинить своей воле мерзких тварей, засевших в тоннеле. Что-то не получается... ах, да, я же слишком далеко от них. Подхожу ближе... еще ближе... еще... {2mm}Удар мощной лапы с когтями рассек мою шею сзади ровно в тот момент, когда я осознал, что не следовало в измененном состоянии сознания выходить из автобуса в одиночку. Словно со стороны я вижу, как мерзко рычащие твари разрывают на части мое тело и высасывают мозг из костей...{endif}{said}Иди {page:next#psy}{ehidden};;;;
1;common;experiment;green_antique;;Audiomachine _ Phoenix Rising.mp3;;;;;Мы засели в окопах. Проклятые британцы не дают высунуть нос, ведут постоянный обстрел. Пуля, конечно, дура, а штык, конечно, молодец, но чтобы обагрить этот штык кровью красных мундиров, надо еще до них добраться под градом пуль. Пушки бьют одна за другой, методично закидывая нас ядрами, словно какие-то великаны, швыряющие каменные булыжники...{2mm}Хорошо в этом всем то, что удерживаемая нами высота не дает англичанам проходить дальше, сильно тормозит все их маневры и торчит у них, как шило в боку. Плохо же то, что торчит это шило слишком глубоко, и подкреплению до нас добраться будет крайне сложно. Хорошо, что этот холм порос невысоким, но густым леском, и противник вряд ли догадывается о нашей численности. Плохо, что у нас кончаются боеприпасы и продовольствие, а совсем неподалеку так соблазнительно маячит занятая англичанами деревушка. Мне сейчас предстоит решить, как поступить в этой непростой ситуации?{2mm}Воодушевить бойцов зажигательной речью и броситься в атаку, застав противника врасплох? Сжать зубы и продолжать отстреливаться, пока не кончится порох и пули? Сберечь людей и под покровом темноты тихо отступить к своим, чтобы потом, получив подкрепление и перегруппировавшись, снова захватить эту высоту? Попытаться провести диверсию, понадеявшись на умения, подготовку и тренировку? Попробовать поразить неприятеля какой-нибудь технической новинкой? Или использовать скрытые ресурсы психики?;Что же мне приказать и сделать?;{comm}Поднять солдат в атаку{ecomm}{hidden}{say}{if:$patient['color']=='red'}О да, я мастер произносить зажигательные речи! Или просто долгое сидение в грязи успело навязнуть в зубах даже самым терпеливым из моих ребят. Первых из тех, кто возвысился над бруствером, конечно, скосили английские пули, но все-таки мушкет — оружие, требующее длительной передарядки. Стремительная атака моих парней сломила дух англичан, и те дрогнули, отступив за реку, а пока они приходили в себя и собирали силы, мы изрядно поднабрали провианта в деревушке. Одно только плохо — пуль осталось совсем мало. Кусок свинца, оставшийся в моей руке, я за боеприпас не считаю...{else}Зажигательные речи — явно не самая сильная моя сторона. Нет, воодушевить солдат мне удалось, но мой план они поняли как-то превратно. Они дружно поднялись и пошли на прорыв, но совсем не туда, куда я рассчитывал! Мне оставалось только последовать за ними. Все дальнейшее я помню плохо — потеря в ходе прорыва левой ноги плохо сказывается на здоровье. Единственное, что утешает меня в горячечном бреду — мы добрались до своих и ценой неимоверных потерь сохранили контроль за этой проклятой высотой.{endif}{said}Иди {page:next#red}{ehidden} {3mm}{comm}Держаться до последнего{ecomm}{hidden}{say}Когда сталкиваются воля с волей, и никто не хочет уступать — побеждает та воля, у которой больше ресурсов. Англичане не могли заставить нас отступить, да — но они и не пытались. Вражеские пули медленно, но верно выкашивали наших солдат, а один из их стрелков однажды добрался и до меня. Лежа в лазарете со сквозной раной в груди, я прохрипел своему адъютанту, чтобы он передал приказ стоять до последнего, но тот, паршивец, вместо этого озвучил, что мы должны отступать. Как итог — англичане потеряли несколько дней, а мы — три четверти бойцов нашего отряда...{said}Иди {page:next#green}{ehidden} {3mm}{comm}Ночью тайно отступить{ecomm}{hidden}{say}Никакой чертов холм не стоит жизней нескольких десятков людей! Тщательно обдумав и взвесив все, я отдал приказ отступать. Несмотря на все принятые предосторожности, противник заметил этот маневр и обстрелял нас ураганным огнем — хорошо еще, что в темноте нас было плохо видно! Мы выбрались из этого котла ценой пары убитых и моей простреленной ноги. Ничего, могло быть и хуже!..{said}Иди {page:next#blue}{ehidden} {3mm}{comm}Надеяться на умения и подготовку{ecomm}{hidden}{say}{if:$drug=='biology'}Хочешь, чтобы что-то было сделано хорошо — сделай это сам! В конце концов, я боевой офицер, а не штабной бумагомарака! Переодевшись в трофейный красный мундир и тихо добравшись до расположения противника, я за каких-то десять минут учинил больше хаоса и суматохи, чем сделали бы сообща пьяный канонир с зажженной сигарой на пороховом складе, отряд отборной кавалерии и табор конекрадов. Но самое главное — в начавшейся суматохе я зарубил командира англичан. Теперь они долго будут зализывать раны, а наши товарищи успеют нам на помощь!{else}Иногда самый дерзкий и отчаянный план спотыкается о какую-то мелочь. Предыдущие бессонные ночи изрядно подкосили мое внимание — перед такими рейдами полагается выпить крепкого чайку из Бостона, или на худой конец кофе. Да где же их взять в этой дыре?..{1mm}Невовремя хрустнувшая под ногами ветка, вопрос часового: {quot}Пароль?{quot}, мое замешательство в ответ на столь очевидный вопрос и несколько ружейных выстрелов в ответ. Теперь я ранен, и теперь я в плену. Прости, Америка, я подвел тебя!..{endif}{said}Иди {page:next#biology}{ehidden}{3mm} {comm}Использовать технику{ecomm}{hidden}{say}Легко, конечно, сказать — использовать! А где ее взять? Наш отряд изначально выполнял разведывательные миссии, и не был подготовлен к затяжной осаде. И с военной техникой дела особо иметь не приходилось. Мы нашли детали от какой-то разрушенной бомбарды и попытались ее восстановить, но мы все-таки солдаты, а не инженеры. Не сумели ни правильно оценить прочность ствола, ни рассчитать количество пороха. Результат первого же выстрела был плачевным — четверо контуженных, с полтора десятка посечено осколками, да еще мы за один выстрел истратили почти весь порох. После такого нас можно было брать почти голыми руками. Что, собственно, англичане и сделали...{said}Иди {page:next#tech}{ehidden} {3mm}{comm}Использовать скрытые ресурсы психики{ecomm}{hidden}{say}Я сажусь и закрываю глаза. Все вокруг начинает казаться зыбким и нереальным. Вражеские пушки кажутся великанами, мечущими в нас камни, а наш поросший травой холмик — покачивающейся на гребне волны флотилией кораблей. Моя мысль проникает все дальше, а внутренним взором я поднимаюсь все выше и выше. Я вижу и деревушку, в которой сейчас расположились англичане, и окружающие леса и болота. Я сейчас могу видеть все передвижения войск, все лучшие места для засад, могу проникать в мысли вражеского командования... Одного я только не предусмотрел — в реальном мире я остался совершенно беззащитным. И что толку от того, что я предвидел неожиданную атаку англичан, если я не успел ни предупредить своих, ни хотя бы спрятаться в укрытие. Небрежный удар штыка прервал мой транс самым грубым образом...{said}Иди {page:next#psy}{ehidden};;;;
1;common;experiment;green_modern;;Audiomachine _ Hypnotic Chaos.mp3;;;;;Разместившись в своем наблюдательном пункте, я провожаю взглядом колонну Шерманов, неутомимо движущуюся на восток. Похожие на крошечных черепашек, машины ползут по тонкой нитке дороги, мимо полей и кромки леса, уходя все дальше на восток. С каждой пройденной милей они приближают нашу победу. Вперед, парни, да поможет вам Бог!..{2mm}Чудовище появляется, кажется, из самых глубин преисподней. Стремительный росчерк удара — крайняя машина вспыхивает, как спичка. Сорванная башня, полет раскаленного металла — детонация боекомплекта не оставляет парням шансов выжить. И лишь затем до меня долетает запоздалый свист, а следом за ним — и короткий, отрывистый как взрык, раскат выстрела...{2mm}Экипажи охватывает смятение, машины пытаются затормозить и развернуться в сторону угрозы — но еще одна из них разлетается на части, прежде чем своим обостренным зрением я успеваю заметить источник смертоносных снарядов. Серый, огромный — минимув вдвое больше самой крупной нашей машины. Прямые угловатые контуры, словно вырубленные топором неведомого исполина. Во лбу, словно око великана, огромная пушка.{3mm}Дело плохо — и, кажется, мне придется вмешаться самому и отдать приказ нашим парням. Я могу указать им место, и приказать навалиться на врага всем вместе, обстреливая его со всей яростью. Или, возможно, разумно было бы попытаться ослепить противника, используя фосфорные снаряды и целясь по башенке и люку водителя. А может быть — это как раз тот вызов, которые положено встретить лицом к лицу, как подобает мужчинам, развернувлись в линию и решительно обрушившись на врага! Или я мог бы задействовать свои обостренные реакции и восприятие, сблизившись с врагом на расстояние выстрела. А может, пора задействовать мою совершенную экипировку и вооружение? Или, не сходя с места, ударить по врагу всей мощью моих грозных псионических сил?;Что же мне приказать и сделать?;{comm}Приказать ставить дым, сближаться и бить по смотровым приборам{ecomm} {hidden}{say}Разрывы — и белесые облака скрыли нас от смертоносного противника. Выстроившись дугой, Шерманы осторожно двинулись вперед, а когда рубленная серая туша выползла из облака — ударили, целясь в командирскую башенку и по люкам. Ослепленный, противник дернулся, посылая очередной снаряд — росчерк прошел в метре от ближайшей машины, чудом не задев ее. Град ударов посыпался со всех сторон — большая часть снарядов лишь бессильно отлетала от брони чудовищной махины. Противник яростно взревел двигателем, пытаясь маневрировать наугад, исполинская пушка кружилась, посылая снаряд за снарядом. А потом на расстояние выстрела приблизился и я... Словно из последних сил, противник довернул на меня хобот пулемета, и мою руку обожгло потоком свинца. А затем выпущенная мной кумулятивная граната поставила жирную точку в этом сражении...{said} Иди {page:next#blue}{ehidden} {3mm} {comm}Воодушевить парней и приказать навалиться всем вместе, яросто стреляя{ecomm} {hidden}{say}Воодушевленный приказом, парни рванули вперед, яростно и хаотично стреляя. Стремительно сокращая расстояние, я видел, как противник успел поджечь еще две машины. Но остальные уже окружили его со всех сторон, с бортов и кормы, повиснув на нем, как стая гончих на медведе. Большая часть снарядов лишь бессильно отскакивала от непробиваемой брони чудовища, но вот после очередного попадания у врага задымился двигатель, а потом сорвало гусеницу...{2mm}Ещё полсотни шагов — и я сам смогу стрелять. Я был уже близко и заранее вскидывал трубу М1... Град осколков от разорвавшегося снаряда окатил меня, словно брызги воды... Сцепив зубы, я выпустил кумулятивную гранату, поставив точку в этом сражении...{said} Иди {page:next#red}{ehidden}{3mm} {comm}Приказать перестроиться и решительно атаковать!{ecomm} {hidden}{say}Выстроившись правильной линией, парни двинули вперед, четко и сраженно стреляя из орудий. Они встречали врага лицом к лицу, подставив ему самую прочную, лобовую броню... К сожалению, лобовая броня противника была существенно толще, а орудие заметно превосходило по наше. С таким же успехом мы могли бы, как древние охотники, бросаться с копьями на могучего мамонта. Один за другим, наши танки вспыхивали, и останавливались навсегда.{2mm}И все же, эта атака дала необходимое время мне. Приблизившись на дистанцию выстрела, я вскинул пусковое устройство и выпустил реактивную гранату. Даже отсюда я четко видел, как она проломила броню противника, заставив его вспыхнуть. Но потом исполин довернул свою башню — и черный зев орудия уставился прямо на меня... Я не уверен, видел ли я вспышку, или она мне лишь показалась, пока я проваливался в черноту...{said} Иди {page:next#green}{ehidden}{3mm} {comm}Вперед, мои реакция и скорость — мои союзники{ecomm} {hidden}{say}Парни все равно не справятся без моей помощи, — так думал я, стремительно сокращая дистанцию. Моя нечеловеческая выносливость и сила позволяли мне развить весьма приличную скорость, прыть, которой никак не мог ожидать от меня вражеский экипаж. Даже отсюда, сквозь лязг и грохот стрельбы, своим обостренным слухом я четко различал отрывистые команды:{1mm}— Fahrer, halt! Panzergranaten Ladung!{2mm}Я успел поравняться с колонной наших машин, сейчас отчаянно пытающихся развернуться на врага, когда близкий разрыв засыпал меня градом горячих осколков... Проваливаясь в черноту я еще подумал, что я выиграл для наших парней достаточно времени — а это означало чью-то спасенную жизнь...{said} Иди {page:next#biology}{ehidden}{3mm} {comm}Задействовать всю мощь моей экипировки{ecomm} {hidden}{say}{if:$drug=='tech'}Поднявшись на ноги, я оттолкнулся от крыши, и взмыл в небеса, оставляя за спиной длинный дымный шлейф. Набрав по отвесной дуге почти две сотни, я перешел в пологое пикирование, наводя свое оружие на уязвимую точку в броне противника. Миг — и ракеты сорвались из-за моего плеча, устремляясь к цели. Я отвернул, уже не глядя на врага — совершенная система наведения могла сделать оставшуюся работу без моего участия. Раскатистый гул взрыва донесся до меня уже когда я мягко касался земли ладонью, погасив остатки скорости...{else}Отличные мягкие ботинки с высоким берцем, легкая и удобная полевая форма, рюкзак с жесткой спинкой и облегченное, но грозное оружие — мое снаряжение было вершиной инженерной мысли моей страны... Зная это, я быстро и безболезненно сблизился с врагом и произвел свой выстрел. И даже когда выпущенный поток свинца ударил меня в корпус, наискось, от плеча до пояса, далеко не каждая пуля сумела пробить прочную стальную броню, защищавшую меня, словно рыцаря древности. Наши ученые спасли мою жизнь — так думал я, проваливаясь в болезненное забытье...{endif}{said} Иди {page:next#tech}{ehidden}{3mm} {comm}Сконцентрироваться и задействовать могучую псионику{ecomm} {hidden}{say}Я закрыл глаза и сконцентрировался... Атака на столь мощного врага будет явно бесполезной, если я не смогу найти его слабого места и поразить его изнутри. Что ж, мой разум и сознание — самое совершенное орудие этой войны, и кому-то самое время об этом узнать... Легко преодолев милю, разделяющую меня и чудовищного великана, чей грозный глаз сейчас шарил по полю, а исполинская палица разила без устали, я услышал голоса...{2mm}— Водьитель, хальт! Заряжайт панзергранату! Шайсе? Вас из даст?{2mm}Я ударил всей мощью моих псионических способностей, сминая разум вражеского офицера. Но угловатая башка великана уже доворачивалась в мою сторону, а его единственный глаз смотрел прямо на меня... Проваливаясь в черноту, я успел только подумать, что сумел выиграть для наших парней достаточно времени...{said} Иди {page:next#psy}{ehidden};;;;
1;common;experiment;green_future;;chefs_head.mp3;;;;;Ненавижу джунгли… Темно, видимость не дальше десяти шагов… Вокруг постоянно что-то шелестит, хрустит, чавкает и верещит. Жарко как в пекле, а мокро, как у тебя в штанах, парень!.. Ладно, не расслабляемся! Нам поручено вытащить этого летуна, будь он неладен, и мы его вытащим, парни! Так что смотрим в оба, идем след в след и не отвлекаемся. Я вашим мамкам обещал, что верну вас домой живыми — и свое обещание обязан выполнить. Это только дураки думают, что дядя Сэм хочет, чтобы вы за него умерли. Черта с два! Нашей стране это не нужно нихрена. Пусть лучше те парни за свою страну сдохнут, а мы их за нашу убьем. На войне как на войне, мужики. Ничего личного...{2mm}Постоянный шелест и чавканье внезапно сменяется треском стрельбы и лопотанием узкоглазых. Засада! Я ору своим парням залечь и вижу, как они падают слева и справа от меня. Начинается лихорадочная стрельба наугад, я вижу, как справа от меня работает пулемет сержанта Борна, а слева палят, высунув языки и вытаращив глаза, вчерашние сосунки из Коннектикута...{2mm}Вот черт... Влипли, так влипли. Не дошли буквально пару миль до точки падения этого чертова пилота. Но тут уж как — эти дикари знают джунгли как свои пять пальцев, белому человеку тяжело с ними тягаться, даже если он, как я, подготовлен и экипирован по последнему слову. Так что же теперь делать?{2mm}Можно связаться с артиллерией и орать, требовать, чтобы она тут все размолотила, в квадрате перед нами. Но тогда пилоту точняк кранты, даже можно не думать. А можно по-умному, как белые люди, занять круговую оборону и вертушки вызвать. Нас они точно вытащат, раз такое дело. Вот только летчик наш их уже не дождется. Можно еще зубы сжать, как в старые добрые времена, да пробиваться вперед, приказ выполняя. Парни мои за мной пойдут, тут можно не сомневаться... Так, что еще? Еще можно воспользоваться химией да моей специальной подготовкой, показать этим дикарям, что такое настоящий американский солдат! Или можно продемонстрировать мартышкам голозадым все преимущество нашего оружия и экипировки. Или, в конце концов, можно использовать техники транса, которым меня обучили в Кэт Коув, чтобы свести на нет преимущество туземцев. Мои парни ждут приказа, а обстановка становится всё более паршивой...;Что же мне приказать и сделать?;{comm}Круговая оборона, вызываем вертушки{ecomm} {hidden}{say}Я отдал приказы, и радист застрекотал в рацию, передавая наши координаты. Тем временем я навел среди моих солдат хоть какое-то подобие порядка...{1mm}— Мэттью, отползай, на открытом лежишь! Бобби, прикрывай его, мать твою! Сержант, перенести огонь на два! Держите свой сектор, залейте их там свинцом, чтобы головы не поднимали!{1mm}— Джимми, кончай трястись, как девчонка! Ты на войне, сынок, так что вытри сопли и стреляй. Да патроны береги! Давай, сынок, как учили!..{2mm}Даже с нашей позиции были слышны улюлюканье мартышек и отчаянные крики пилота, когда дикари добрались до него и принялись за свою излюбленную, с фантазией, резню...{1mm}Но потом зазвучала классическая музыка, и небеса выплюнули свинец и огонь... Вертушки прибыли, чтобы вытащить меня и моих парней...{1mm}{said} Иди {page:next#blue}{ehidden} {3mm} {comm}Запросить огонь артиллерии{ecomm} {hidden}{say}— Дай сюда! — я вырвал микрофон и радиста и заорал: — Вы оглохли там, мать вашу?! Нас тут узкоглазые плотно прижали, и наши жопы подгорают уже! Огонь, мать вашу, по координатам, иначе я вам своими руками причиндалы поотрываю когда вернусь!{1mm}Мой крик возымел своё действие... Далеко за соседней грядой заработали пушки, посылая в наш сектор сотни киллограммов металла и взрывчатки. Поймав в прицел очередного туземца, отчаянно пытающегося сбежать от падающей с небес смерти, я нажал на спуск. Тощая фигурка задергалась и упала, прошитая свинцом...{1mm}Хотелось бы верить, что мое решение было правильным, и я не зря пожертвовал жизнью пилота ради спасения моих парней...{1mm}{said} Иди {page:next#red}{ehidden}{3mm} {comm}Выполнять приказ, пробиваться к пилоту{ecomm} {hidden}{say}— Так, парни! — я оглядел своих подчиненных, прижатых к земле плотным огнем. — Вы все знаете, какого хера мы тут делаем! Так что будем вытаскивать нашего пилота, раз такой приказ! Не оставлять же его этим пидорам на поживу, верно?{1mm}Парни ответили мне одобрительным гулом, и я отдал последнюю команду: — Примкнуть штыки! Давите их огнем, сержант! Вперед, мужики!!{1mm}Мы рванули вперед, через разрывы гранат, через свист пуль и лопопание узкоглазых, которые, казалось, были повсюду. Мои парни падали один за другим, исчезая среди сплетения лиан, ветвей и каких-то сраных растений, словно бы в раззявленной пасти исполинского морского чудовища... И мы пробились к пилоту!{1mm}— Следуйте за нами, сэр! — заорал я, оглядываясь. А потом я понял, что следовать пилоту придется за мной одним. А потом заметил его переломанные, вывернутые под неестественным углом ноги... А потом очередная пуля отправила и меня в объятия зеленого безразличного ада...{said} Иди {page:next#green}{ehidden}{3mm} {comm}Пора показать всем, что такое подготовка и немного химии{ecomm} {hidden}{say}Раскрыв секретную аптечку, я раздумывал лишь секунду, а потом вмазался секретным препаратом. Сердце бешенно забилось, а страх и боль отступили куда-то далеко... Поднявшись, я срезал очередью выскочившего узкоглазого с гранатой, подавил огнем ближайшего стрелка и нырнул в джунгли, двигаясь словно смертоносный индейских дух охоты...{2mm}Перезарядить... Туземец выбегает на меня — нет времени. Сбиваю его с ног тычком ствола в лицо, безошибочно и четко выбив глаз. Еще один — бросок через бедро и добиваю ударом кулака, ломающим ребра. Льется кровь, узкоглазый лопочет что-то на обезьяньем языке. Дальше!..{1mm}Я забываю только, что эти дикари знают местные джунгли — а я нет. Потому, когда я проваливаюсь в яму-ловушку, и острые колья распарывают мое тело, мне остается только сцепить зубы и вытащить гранату...{said} Иди {page:next#biology}{ehidden}{3mm} {comm}Испытайте мощь нашего оружия, дикари{ecomm} {hidden}{say}Наше оружие — результат усилий талантливых инженеров и конструкторов, и салемских мистических откровений. Наше снаряжение — само совершенство. Тут есть и приборы, позволяющие видеть в полной темноте, и стрелковое оружие с прицельными приспособлениями, позволяющие любому идиоту-новобранцу поразить цель с трех сотен метров, а опытному стрелку — так и с шести сотен. Плохо только, что сраный климат этих джунглей не позволяет носить бронежилеты — под них немедленно набиваются кусачие красные муравьи. Да и видимость в джунглях редко превышает пару десятков метров. А на таком  расстоянии даже примитивные винтовки этих голожопых мартышек, будем честны, убивают наших парней не хуже... И, кажется, моему взводу сейчас придется в этом убедиться...{said} Иди {page:next#tech}{ehidden}{3mm} {comm}Применить техники транса{ecomm} {hidden}{say}{if:$drug=='psy'}— Сержант, — ору я, — прими командование, а я дам целеуказания.{1mm}— Есть, сэр!{1mm}Я ныряю в транс, и моё сознание отделяется от тела, привычно скользя вдоль колышущейся массы деревьев и лиан, по волнам холмов, по гребням леса... Я вижу семь и еще семь раззявленных пастей — это стрелки узкоглазых, затаившиеся в расщелинах. И чудовищную ждущую пасть самих джунглей, алчную и безразличную... А потом я начинаю раздавать приказы... Очереди из пулеметов и хлопки М79 одного за другим отправляют дикарей в преисподнюю...{else}Туземец выбегает на меня — и я пускаю в ход могущественный боевой гипноз! Глаза узкоглазого расширяются от ужаса, когда я приказываю ему направить его же собственную пушку ему в голову и нажать на спуск! Вот так-то! Минус один. Ну что, давайте еще, подходите по одному! Однако дикари почему-то не спешат подходить по одному, предпочитая обстреливать нас с расстояния и изредко подсылая поближе своих смертничков. Так и сейчас — на меня выскакивает молодая девчонка с зажатой в руке гранатой — а ниже такая, я бы, пожалуй, её трахнул, попади она к нам в плен. Я привычно пытаюсь взять под контроль и её сознание, как вдруг с ужасом понимаю — ведь я же совершенно не знаю женских имен этих дикарей... Вот же чёрт!!{endif}{said} Иди {page:next#psy}{ehidden};;;;
1;common;experiment;red_antique;;Audiomachine _ Legions of Doom.mp3;;;;;Ситуация близка к критической. Противник превосходит нас числом, удобством расположения и количеством техники. У нас же, что самое поганое, почти нет людей, зато есть за спиной госпиталь с ранеными, бросать который мне не позволит не только угроза трибунала, но и моя честь офицера. Прямо отсюда я слышу стоны раненых, звякание шприцов о металлические подносы и трубный рев интендантши {quot}Да откуда я вам морфия еще достану, проглоты? Вы за утро весь сегодняшний запас уже вкололи!{quot} Однако, как доносят разведчики, вражеские соединения доберутся до нас не позже, чем через час. Вот чего у нас действительно хватает — это запасной формы. И оружия. Но мало людей, способных держать его в руках. Или погодите? Есть же раненые, им в случае нашего поражения все равно — либо в плен, либо умирать. Может, раздать винтовки им и удивить врага втрое большей численностью, чем он ожидал?;Что же мне приказать и сделать?;{comm}Раздать винтовки раненым{ecomm}{hidden}{say}Несмотря на все протесты медсестричек, я вооружил раненых и произнес зажигательную речь. Увы, я слишком поздно осознал, что же до меня пытались донести врачи. Одурманенные морфием солдаты с боевым оружием — несчастье почище здорового гражданского с боевым же оружием. Тот хотя бы им пользоваться не умеет, а эти немедленно начали охоту на воображаемых врагов. А таковыми замутненному наркотиками мозгу может показаться кто угодно. Молодой солдатик вскинул ружье и, хрюкнув не своим голосом {quot}Получай, проклятый богомол!{quot}, всадил мне пулю в легкое. Подошедшему противнику оставалось только созерцать получившуюся кровавую баню и нескольких выживших медсестер, в панике запершихся в кабинете главврача...{said}Иди {page:next#red}{ehidden}{3mm} {comm}Попытаться обхитрить противника{ecomm}{hidden}{say}Пришлось пойти на отчаянный шаг — выстроить всех наличных людей и экипировать всех как бравых солдат. В первых рядах, естественно, стояли мои бойцы с винтовками наизготовку. Позади них — опиравшиеся друг о друга раненые, так они меньше бросались в глаза и просто создавали впечатление большого количества воинов. По бокам — спешно переодетые в военную форму персонал лазарета и наспех пригнанные крестьяне из ближайшей деревеньки. Удивительно, но это сработало, хоть и на время. Увидев войско значительно больше ожидаемого, противник растерялся и отступил, предпочтя послать к нам разведчиков. Потом, конечно, выяснив, как их обманули, они бросились на нас с удвоенной яростью — но эта задержка дала возможность подойти подкреплению. Битва была яростной, и мне не удалось уйти от пули — но мы спасли госпиталь и раненых...{said}Иди {page:next#blue}{ehidden}{3mm} {comm}Держаться до последнего{ecomm}{hidden}{say}Я собрал своих солдат и четко и решительно объяснил им ситуацию. Отступать нельзя. Нашими жизнями будет куплено время, которое потребуется подкреплению, чтобы добраться до нас. Бойцы прониклись важностью момента и дрались, как львы. Как я и предсказывал, большинству суждено было пасть. Но уже лежа в грязи и истекая кровью, я видел, как во фланг неприятелю ударили бойцы подкрепления, наконец-то добравшиеся до нас. Госпиталь был спасен...{said}Иди {page:next#green}{ehidden}{3mm} {comm}Положиться на личные умения и опыт{ecomm}{hidden}{say}{if:$drug=='biology'}Пришлось идти ва-банк. Я взял наиболее подготовленных бойцов, несколько динамитных шашек, и зарыл их на дороге, отведя провода с детонаторами в овражек, где и укрылся. А мои бойцы заняли позиции на окрестных холмах. Они дождались, пока первые солдаты неприятеля пройдут чуть дальше заложенных шашек и встретили их снайперским огнем. Выждав пару секунд, чтобы хаос успел воцариться, а порядок еще не успел восстановиться, я подорвал шашки. До моих ушей донеслись столь ласкающие слух крики {quot}Здесь минное поле!{quot}. Идти дальше неприятель не решился...{else}Устроить диверсию с помощью динамитных шашек было хорошей идеей. Плохо было то, что у меня оказалось крайне мало опыта в обращении со взрывчатыми веществами. Взрыв, конечно, был немного смягчен слоем земли, под который я вкопал динамит, но для тяжелой контузии мне вполне хватило. Не знаю, что случилось с моими бойцами и госпиталем, но догадываюсь, что ничего хорошего...{endif}{said}Иди {page:next#biology}{ehidden} {comm}Затребовать поддержку с воздуха{ecomm}{hidden}{say}Бросившись к телеграфному аппарату, я быстро отстучал азбукой Морзе требование прикрытия с воздуха. До нас добралась пара бипланов, которые сбросили по паре мин и дали несколько пулеметных очередей, после чего дружный ответный огонь заставил их ретироваться. Ну... как помогли, так помогли, спасибо и на этом. Увы, других самолетов у нас сейчас нет...{said}Иди {page:next#tech}{ehidden}{3mm} {comm}Задействовать скрытые резервы разума{ecomm}{hidden}{say}Я закрываю глаза и погружаюсь в транс. Я вижу наших бойцов, вижу наш госпиталь, наших раненых, наших врачей. Или нет?! На самом деле я вижу загон и стадо свиней, отчаянно хрюкающий перед неминуемой бойней и требующих ещё вина! Я поднимаюсь выше, вижу вдалеке марширующее войско неприятеля. Их сотни... нет, тысячи... нет, десятки тысяч! Их миллионы! Мы никогда не сможем справиться с ними, мы обречены! Нет! Лучше умереть сейчас, сразу и самому!{3mm}Пока мое бесчувственное тело не перехватили санитары, я успел несколько раз со всей мочи удариться головой о стену...{said}Иди {page:next#psy}{ehidden};;;;
1;common;experiment;red_modern;;Klaus Doldinger _ U-96.mp3;;;;;"— Ну, что там? — я оглядываюсь на помощника, и мужчина виновато пожимает плечами.{1mm}—Ничего, сэр! По курсу чисто.{1mm}— А сигнал бедствия все еще получаем? Координаты уточнили?{1mm}— Так точно сэр, сигнал четкий, мы на месте плюс-минус миля.{1mm}— Проклятье, дьявол их подери!.. — только и могу выругаться я.{2mm}Мы уже потеряли шесть часов, двигаясь на помощь этому долбанному судну. Как его там, {quot}Singing Bird{quot}? Вот же нелепость, и ведь в первом же моем походе. Под моим началом — крейсер {quot}Филадельфия{quot}, прекрасно оснащенное и подготовленное судно. Под командой — отличный экипаж. За плечами — годы обучения в Кэт Коув по самым совершенным методикам ВМС США. И в первом же походе такая нелепость. Сначала отклонились от курса на помощь этой научной посудине, морскую фауну она, видишь ли, изучает! Думал, буду героем. Не из пушек палить, а жизни морякам нейтральной державы спасу. Ха, как же! Держи карман шире... Вот мы на месте, а от судна — никаких следов. А ведь сигнал совсем близко, радист проверял дважды. И координаты правильные...{2mm}По всему получается, что морячки эти где-то допустили ошибку... Ну и что теперь делать будем? И на курс прежний не вернешься — вон как парни смотрят, глаза горят, ни слова мне не сказали. Понимают, значит, что человека на море не бросают. И искать эту ""птичку поющую"" тоже не будешь. Они тут на минуту в координатах ошиблись, а мы сутки круги выписывать будем. Так, спокойно, капитан. Думай и решай, чего делать станем. Варианты у меня сейчас такие.{2mm}Или на приказы командования плюнуть и искать дальше этого нейтрала, на сигнал его плыть — команда меня явно поддержит, да и по совести это будет. Или взять себя в руки и приказ отдать: через пять минут ровно отворачиваем обратно на курс. Или поднять уже  самолет и осмотреть все сверху — только у нас не гидроплан же, а нормальный истребитель. На катапульте он взлетит, вот только сесть обратно не сможет, потеряем хорошую машину, потом рапортами замучают. Или, может, закинуться пилюлями секретными, да осмотреть море внимательно... Или в транс погрузиться, как меня учили, да поискать вокруг живые души. А можно и самому к радисту подойти, да на радар лично посмотреть, может мои офицеры что просмотрели, а я замечу...";Что же мне приказать и сделать?;"{comm}Поднимаем самолет{ecomm} {hidden}{say}Короткая команда — и пилот занимает свое место в кабине. По лицу видно, парень уже готовится к тому, как будем из воды его доставать, когда закончится топливо... Машина взмывает вверх и делает круг над ""Филадельфией"".{2mm}— Никаких следов корабля, сэр. Обломков тоже не наблюдаю... Минуточку, а это что?.. — короткая пауза в голосе пилота, но я уже понимаю, насколько все ужасно, — СЭР!!! Субмарина у вас по правому борту!{2mm}— Полный вперед, право руля, боевая тревога!! — я не теряю присутствия духа. Первая из выпущенных торпед проходит в считанных метрах от нашего борта, вторая разрывается у самого носа, подняв фонтан воды. Экипаж расчехряет бомбометы и пушки, старший помощник раздает отрывистые команды, а я внезапно понимаю... Еще пара мгновений промедления — и мы бы пошли ко дну, получив обе торпеды прямиком в борт... Что ж, теперь у нас появились шансы пережить этот день...{said} Иди {page:next#blue}{ehidden} {3mm} {comm}Будем искать моряков и источник сигнала{ecomm} {hidden}{say}Я вижу, как получив мою команду, старший помощник облегченно выдыхает и незаметно крестится. Кое кто из офицеров делает то же самое. Что ж, парни, если господу угодно, чтобы мы спасли этих моряков — то мы спасем их. Глядя на расслабляющиеся лица экипажа, я вдруг замечаю пустые глаза радиста, уже давно неподвижно смотрящего в одну точку. Кажется, беднягу срубило прямо на посту. Ну, на первый раз я не буду его ругать, со всеми бывает... Я с усмешкой стягиваю с парня наушники и уже готовлюсь желкнуть его прямо по лбу, когда раздается истошный крик.{2mm}— Торпеды по правому борту!!{2mm}Слишком поздно. Я еще пытаюсь увеличить ход и увести корабль, но время упущено. Крейсер ВМС США ""Филадельфия"" взлетает на воздух...{said} Иди {page:next#red}{ehidden}{3mm} {comm}Через пять минут ровно меняем курс{ecomm} {hidden}{say}— Все! Время вышло! — я киваю поникшему головой старшему помощнику, — Сменить курс, полный вперед. Мы и так изрядно здесь задержались...{1mm}— Сэр, есть сэр, — тяжело вздыхает мужчина.{1mm}А потом раздается истошный крик наблюдателей: ""Торпеды!""{2mm}Нас спасло буквально чудо — внезапная смена курса. Две стальных рыбины, несущие по полтонны  взрывчатки каждая, проносятся мимо ""Филадельфии"".{1mm}— Как щенки, — проносится у меня мысль, когда я раздаю отрывистые команды, — попали как щенки в западню.{1mm}Но теперь, избежав первого и самого смертоносного удара, мы получаем шанс пережить этот день...{said} Иди {page:next#green}{ehidden}{3mm} {comm}Закинуться химией{ecomm} {hidden}{say}Незаметно закинув под язык одну из пилюль — экспериментальный препарат, который по большой дружбе достал мне знакомый биохимик из Кэт Коув — я напряженно вглядываюсь в океан прямо по курсу. Как обычно, поле зрения резко сужается. Но сейчас мне некуда спешить и важно заметить мельчайшие детали, любые самые малые обломки или пятна, которые дали бы подсказку к пропавшему судну. Тщетно...{2mm}Если бы я смотрел не вперед, а по правому борту — я заметил бы поднявшийся перископ и две белых полосы в воде — следы прибличающихся торпед. Но я не смотрел... А потом стало слишком поздно...{said} Иди {page:next#biology}{ehidden}{3mm} {comm}Посмотрим лично на эти наши чудеса техники{ecomm} {hidden}{say}{if:$drug=='tech'}Кинув беглый взгляд на наш радар, я киваю. Все и так понятно, никакого корабля в зоне видимости и в помине нет. Откуда же этот сигнал? Я подхожу к радисту и задаю ему вопрос. Парень лишь сидит, глядя в одну точку, и медленно, монотонно кивает, улыбаясь улыбкой идиота. Сорвав с него наушники, я прикладываю их своему уху и меняюсь в лице...{2mm}Голос женский... С легким, едва уловимым акцентом... Манящий и раз за разом повторящий одни и те же координаты. Технология удаленного гипноза и пропаганды!{2mm}— Боевая тревога! — ору я. Звук сирены проносится по кораблю, поднимая на ноги офицеров и матросов. Я уже знаю, с чем мы столкнулись, — Приготовить бомбометы и противоминные орудия! Смотреть в оба! Это субмарина!..{2mm}Оборвавшийся в эфире сигнал бедствия красноречиво подтверждает мою догадку. Красные поняли, что обнаружены. Вот только поняли ли они, что теперь у них нет никаких шансов?..{else}Я вглядываюсь в зеленовато желтую мазню на нашем радаре, пока офицер терпеливо объясняет мне, что ""вот эти"" тучки — это не обломки на поверхности воды, а стая птиц. Я только качаю головой! Уже и машину для гипноза придумали, и кино цветное — а для военных не могут сделать простую и понятную технику. Ну бардак же!{2mm}Запоздавший истошный крик и два взрыва торпед, ударивших в правый борт, прерывают мои размышления. Кое-какую технику для военных все-таки сделали на совесть...{endif}{said} Иди {page:next#tech}{ehidden}{3mm} {comm}Гипнотический транс еще никого никогда не подводил!{ecomm} {hidden}{say}Отстранившись от управления, я вошел в транс. Море — не лучшее место для этого. Эта стихия неподвластна для человека, а вода гасит отголоски мыслей, не пропускает через себя эмоции и цвета... Но мне и не нужно читать их — сейчас мне достаточно найти хоть какие-то отголоски, хоть какие-нибудь следы. Ведь эта посудина, эта птичка, она же совсем рядом, верно? Черт побери, да что там за зеленое пятно справа, ничего же невозможно разглядеть...{2mm}Мысленно повернув свое око, я с раздражением смотрю направо, на какое-то едва заметное, словно скрытое под водой, но оттого еще более назойливое пятно. Слишком поздно до меня доходит, что это и есть источник наших проблем. А когда доходит — еще несколько драгоценных мгновений уходят на то, чтобы вырваться обратно из липкого транса...{2mm}Выпущенные по нам торпеды доходят до ""Филадельфии"" гораздо быстрее...{said} Иди {page:next#psy}{ehidden}";;;;
1;common;experiment;red_future;;none;;;;;Ненавижу этих пидарасов! Этих отбросов общества, долбанных дегенератов. Эти новомодные молодеждые тусовки — мы в мои годы, бывало, и нажирались как свиньи, и кокаином баловались, и стрелять доводилось. Но мы не были такими придурками. У нас была жизнь. Были планы. Были дела — только успевай. А у этих предурков и херососов — ни целей в жизни, ни мозгов. Накурятся своего дерьма, закинутся таблетками, радио из-за океана наслушаются — и начинается... И живут в говне, как скоты, на шеях несчастных родителей. Да еще и чего-то требуют, на улицы к приличным людям выползают... Ненавижу этих тварей...{2mm}А еще больше ненавижу этих сучек из правительства — ну вот кому в здравом уме, кроме этой тупой стервы Абигейл, могло придти в голову послать армию против толпы этих школьников? Задача армии какая? Правильно! С врагами бороться. А это кто? Дураки и предатели, да — но разве враги? Были бы врагами — ну так прикажите стрелять, мы сделаем. А если нет — то посылайте полицию, пусть она с этим разбирается. Нельзя, ну нельзя армию против своих граждан посылать, не кончится это добром...{2mm}Мы стоим в оцеплении перед правительственным зданием в Бостоне — а напротив нас огромная, многотысячная толпа маргинальной молодежи. У одних глаза горят, у других пустые. Одеты в разные обноски — чем ярче и более грязные — тем у них лучше считается. Орут, лозунги выкрикивают... У кого-то палки в руках, кто-то уже камни подбирает. А у меня приказ от этой долбанной сучки из администрации — не допустить беспорядков и разобраться с толпой. Ну и как, интересно, я с моими парнями должен это делать?{2mm}Нет, я могу конечно приказ отдать, чтоб парни за дубинки взялись и от души эту мразь обработали — у моих мужиков уже видно, как руки чешутся по мордам пройтись. Или могу приказ до упора исполнять — оружия не применять, на провокации не поддаваться, строй держать, теснить с площади решительно. Или, быть может, пропустить эту сучку из правительства вперед, пусть сама толпу урезонит? А может, пора и моим парням принять химию и засучить рукава, чтобы дерьмо это с площади убрать — клин клином вышибают, как говорится. Или, может, применить спецтехнику из числа моего снаряжения? Или пора задействовать мои могучие псионические способности?;Что же мне приказать и сделать?;{comm}Пусть Абигейл сама с толпой общается{ecomm} {hidden}{say}Официальное платье, дежурная улыбка — да эта дура думает, что она сейчас выйдет и все решит. Охренеть! А вот и телекамеры, журналисты тут как тут на подхвате.{1mm}— Жду указаний, мэм! Мне подавить беспорядки? — не без ухмылки произношу я, понимая, что объективы и микрофоны сейчас ловят каждое мое слово и страна замерла, ожидая ответа от этой стервы.{1mm}— Нет, офицер! — Абигейл небрежно отмахивается. — Ни в коем случае! Это наши сограждане. Я поговорю с ними.{1mm}Она царственно проплывает за оцепление и направляется в толпу. Мои парни чуть расслабляются и обмениваются ободряющим перемигиванием. Впрочем, идилия длится недолго. Слово за слово, и вот уже вокруг самоуверенной чиновницы собираются весьма недружелюбно настроенные ребятки и девчонки. Лишь когда с нее начинают срывать одежду, и она истерично орет, призывая на помощь, я киваю своим парням:{1mm}— Теперь наши задницы прикрыты, ребята. Вперед! — и сам делаю первый замах дубинкой...{said} Иди {page:next#blue}{ehidden} {3mm} {comm}Ну-ка, парни, за дубинки! Бей пидарасов!{ecomm} {hidden}{say}— Вперед, парни! — ору я, сжимая в руках дубинку. — Бей эти сволочей!{1mm}Ребята бросаются вперед, отшвыривая укуренных наркоманов ударами щитов и орудуя дубинками. Но толпа моментально заводится в ответ. В нас летят камни, палки, взрывпакеты. Потом к ним присоединяется брошенная кем-то граната. А затем у кого-то из моих солдат срывает крышу и он начинает палить по толпе...{2mm}Тем же вечером я стоял в кабинете генерала, а газетные передовицы пестрели заголовками: {quot}Новая Бостонская резня: подаст ли президент в отставку{quot}. Наши враги добились своего — это было начало конца старой доброй Америки...{said} Иди {page:next#red}{ehidden}{3mm} {comm}Строй сомкнуть, тесним их с площади{ecomm} {hidden}{say}Мои парни смыкают щиты и начинают методично давить на толпу, вытесняя ее с площади. Чьи-то кулаки молотят по нашим каскам, вот кто-то из моих отходит назад с разбитым лицом. Но мы тесним этих дегенератов, медленно, но верно. Решимость, армейская закалка и выучка — что нам может противопоставить одурманенная толпа?{2mm}Лишь позднее я узнаю, что почти половина моих людей получили тяжкие травмы, а Бобби вообще был вынужден оставить службу. Что ж, ребята. Война — это не только когда стреляют за океаном. Иногда она приходит прямо к тебе домой...{said} Иди {page:next#green}{ehidden}{3mm} {comm}Приказать бойцам принять химию и давить толпу{ecomm} {hidden}{say}Мои парни спешно закидываются новейшими таблетками и разминают шеи, постепенно входя в раж. У стоящей напротив нас толпы еще есть шанс разойтись мирно — но они явно не понимают и не желают этого... А дальше все как в тумане. Красной кровавой пелене. Помню ещё, как мои парни добивают дубинками какую-то тушу — одну из многих усеявших в этот день прощадь...{2mm}Тем же вечером я стоял в кабинете генерала, а газетные передовицы пестрели заголовками: {quot}Новая Бостонская резня: и это наши защитники?{quot}. Наши враги добились своего — это было начало конца старой доброй Америки...{said} Иди {page:next#biology}{ehidden}{3mm} {comm}Применить спецтехнику{ecomm} {hidden}{say}Я отталкиваюсь от земли и взмываю в воздух на своем реактивном ранце. Обычно одного вида такого зрелища достаточно, чтобы обратить в бегство обычного врага. Но не сейчас... Пустые глаза провожают меня, другие смотрят с ненавистью. Толпа начинает все более возбуждаться, указывая на меня пальцами.{1mm}— Вот куда пошли все деньги! На эту военщину! Да! {1mm}— А могли бы эти деньги на людей потратить!{1mm}— Сраные военные! Долой правительство!!{1mm}Кто-то из толпы стреляет из ракетницы — заряд лишь бессильно отскакивает от моей брони. Но я не успеваю остановить своих солдат, для которых первый же выстрел становится катализатором. Теперь они видят перед собой только врагов — а с врагами они не привыкли церемониться... Новая Бостонская бойня стала началом конца старой доброй Америки...{said} Иди {page:next#tech}{ehidden}{3mm} {comm}Применить псионические техники{ecomm} {hidden}{say}{if:$drug=='psy'}Я погружаюсь в транс и начинаю видеть мир в новом цвете... Красная, с легкой желтизной, колышущаяся масса перед нами, надеждые прочные бронзовые статуи за моей спиной. Нити уходят во все стороны — кто-то тянется мыслями к дому, а кто-то... Минуточку!.. Я замечаю словно бы уродливого спрута, алого и раздутого, чьи щупальца-усы тянутся через океан и дергают за мельчайшие нити. Дергают клубки бледно красного с погасшими глазами. Спрут тоже замечает меня, начинает колыхаться и пыхтеть, словно бы пробуждая своих комиссаров. Удар моей воли сминает его жирную отвратительную физиономию, рвет в клочья протянутые им нити...{2mm}Толпа на площади внезапно осознает, что давно уже замерзла и проголодалась — и начинает медленно расходиться...{else}Мой взгляд упирается в толпу, я встречаюсь глазами с одним из стоящих пареньков и отдаю ему приказ:{1mm}— Иди домой!{1mm}Сомнамбула послушно разворачивается и пытается продраться через толпу обратно. Другие смотрят на него удивленно и недоуменно — кто-то протягивает самокрутку, предлагая дунуть, а потом две девки подхватывают его с двух сторон и по-быстрому утаскивают куда-то в подворотню...{1mm}Я уже не вижу этого — переключившись на новую жертву, я с той же легкостью ломаю её волю, и так же приказываю покинуть площадь. Меня хватает дюжины на две. А потом я провожу рукой по лицу, стирая липкое, и падаю на руки своих парней, проваливаясь в черноту...{endif}{said} Иди {page:next#psy}{ehidden};;;;
1;common;experiment;protector_mocks;;game_lost.mp3;;;;;Я лежу на земле, обоженной пламенем и щедро залитой кровью. Среди неё есть и моя кровь… {if:$patient['color']=='red'}Я вижу фигуру в легком развевающемся платье. Тончайшие шелка, золотые волосы… Незнакомка прекрасна, как луна, как рассвет. Но что она делает на этой войне? Я вижу легкую насмешку в ее глазах, вижу, как на её губах появляется легкая улыбка, печальная и с ноткой презрения.{2mm}— Как же ты слаб... Не помощник... Не соперник. Почему ты думал, что можешь что-то изменить?..{endif}{if:$patient['color']=='green'}Надо мной возвышается огромная мужская фигура — брутальный гигант, увешанный кожаными ремнями и металлом. Волевой взгляд, квадратный подбородок. Каждая ладонь — как лопата. Кто он? Друг? Враг? Мужчина смотрит на меня сверху вниз и хмыкает.{2mm}— Слабак!.. Что, это всё, на что ты способен? С такими союзниками не выиграть войну, с такими соперниками — не обрести чести и славы. Ты жалок...{endif}{if:$patient['color']=='blue'}Я вижу фигуру в балахоне, склоняющую надо мной. Лицо скрыто капюшоном, но в последний момент мне удается заглянуть под него и увидеть глаза — внимательные, оценивающие. Взляд задумчивый. Голос звучит мягко, словно рассуждая сам с собой.{2mm}— Его силы ничтожны... Если такова была их ставка — у них нет никаких шансов... Значит ли это, что мне нужен иной союзник? В любом случае, хороший признак...{endif};;Иди {page:death_after_mock};;;;
1;common;experiment;protector_respects;;Neuropa.mp3;;;;;Когда я поднимаюсь, сердце бешено колотится, тело жжет огнем, а во рту — привкус металла. Я сплевываю, и даже не удивлен, увидев кровь…{2mm}{if:$patient['color']=='red'}Я вижу фигуру женщины в легких, развевающихся одеждах. Тончайшие шелка, струящиеся волосы — она прекрасна. Кто она? Почему она здесь, на этой войне? Наши взгляды встречаются, её ресницы взлетают в удивлении.{2mm}— Впечатляет... — она улыбается, и я вижу в её глазах тревогу, — Но это явно будет не так просто... Будь на моей стороне! Мне нужна твоя помощь!{endif}{if:$patient['color']=='green'}Я вижу здоровенную фигуру, увешанную оружием. Волевой подбородок, прямой взгляд, могучие руки. Кто он? Враг? Или такой же герой как я? Мужчина смотрит на меня насторожено, с долей восхищения.{2mm}— Впечатляет! Давно уже я не встречал подобного!.. — глаза загадочного спутника опасно сужаются, — Сделай свой выбор! Встань на правильную сторону, мою! Вместе мы одержим победу!{endif}{if:$patient['color']=='blue'}Я вижу фигуру старика в длинном балахоне. Его взгляд оценивает, в его глазах я вижу мудрость, но вместе с тем и удивление, словно бы от сделанного открытия. Кто он? Зачем он на этой войне?{2mm}— Впечатляет... — старик задумчиво кивает, — Невозможно, невероятно... Но факт... Но ты же понимаешь, да, что твоих сил все равно не хватит? Ступай со мной — и тогда, вместе, мы изменим ход войны!{endif};;Иди {page:death_after_respect};;;;
1;common;experiment;death_after_mock;;;;;;;Я понимаю, что это конец… Я потерпел поражение, и больше нет надежды, ни для меня, ни для моей страны. Я еще пытаюсь подняться и взглянуть в глаза фигуре. Но только проваливаюсь в черноту…{2mm}Чернота непроглядная. Наверное, так и выглядит конец в мире, который мы выбрали для себя и не смогли отстоять... Краем гаснущего сознания я вижу оскаленный череп. Я никогда не видел его раньше так близко — но я узнаю её. Это смерть. Она улыбается мне...{3mm}— Только я буду твоим союзником, — шелест проникает в мою голову, обволакивая меня черным коконом. — Я всегда была с тобой. И останусь с тобой... До конца!..;;{hypno_end};;;;
1;common;experiment;death_after_respect;;;;;;;Я прищуриваю глаза и пытаюсь выпрямиться. Это удается с трудом. Слишком много ран я получил в своем странствии и сражении. Слишком многие из них были смертельны для человека. Оступившись, я лечу назад, в черноту…{3mm}Чьи-то костлявые пальцы касаются моей спины, подхватывают меня мягкой подушкой забвения... Я тону в черноте... Последнее, что я вижу — оскаленный череп, склонившийся надо мной, и шелест, льющийся мне в уши.{3mm}— Я всегда была за твоей спиной. И я всегда буду там. За тобой, за тебя... До самого конца! Доверься мне!..;;{hypno_end};;;;
