print;level_name;image;level_text;difficulty1;solve_name1;solve_text1;difficulty2;solve_name2;solve_text2;success;s_effect;failure;f_effect;2print
1;Пустой участок;archeology/vineyard.jpg;Эти тоннели уже были пройдены ранее: нашему взору предстали расчищенные проходы, укрепленные распорками своды, провешеное электрическое освещение и другие свидетельства тщательной и аккуратной работы. Казалось, этот участок нашего пути пройдет без происшествий — но, как и всегда, вмешался человеческий фактор. По всей видимости, пара рабочих давно уже имела зуб друг на друга — и серьезная потасовка была лишь вопросом времени. Теперь же оба мужика с руганью и криками катались по земле, осыпая друг друга ударами, а вокруг них стремительно собирались остальные работяги — зеваки и болельщики. Один из нас, нетерпеливый <i>[персонаж]</i>, уже направлялся к рабочим, собираясь вмешаться. А нам предстояло быстро решить, что же нам делать: приказать рабочим разнять драку, либо самим наорать на дерущихся и усмирить их.;2;Приказать рабочим;{plus}{plus} за «Трезвые рабочие»<br/>{plus} за {gem_green}<br/>{zero} за {gem_red} {gem_blue};2;Наорать на дерущихся;{plus} за {gem_red} {gem_green} <br/>{zero} за {gem_blue};Благодаря нашим решительным усилиям, драка была моментально подавлена — опомнившиеся рабочие растащили дерущихся, а сами работяги, все в комьях земли и синяках, хоть и смотрели друг на друга как пара дворовых котов, но уже, кажется, начали понимать, насколько сильно проштрафились... Порядок был восстановлен, и мы продолжили наше путешествие.;Если в твой мешок кинули хоть один Зеленый Камень — отдай ОДИН Зеленый Рассказчику, пусть положит его в свой мешок.;Наши призывы к порядку не возымели должного эффекта! Работяги продолжали молотить друг друга кулаками, а зрители — все более азартно и агрессивно поддерживать дерущихся. В этот момент я грязно выругался, уже понимая, что наведение здесь порядка займет у нас изрядно времени. Но кое-кто — наш нетерпеливый товарищ — имел на этот счет свое мнение, и решительно схватил одного из рабочих за рукав...;Отведи Героя в сторону. Внезапно нанеси ему ОДИН удар, по правилам Рукопашки. Если он НЕ защитился и упал — Избей его.{1mm}Если защитился — молодец, на этом неприятности закончены.;
1;Пустой участок;archeology/vineyard.jpg;Участок, хоть и был пройден и расчищен ранее, оказался в неожиданно плохом состоянии: местами начали ползти и осыпаться стены, а  на полу успела скопиться вода, превратив проход в непролазное болото. Продолжать путь при таком положении дел категорически невозможно — требуется заново расчищать проходы и укреплять своды, чтобы избежать серьезной аварии в дальнейшем. Однако рабочие, получив надлежащую команду, взялись за дело без должного энтузиазма и рвения. Их конечно можно понять — неожиданные трудности всегда деморализуют. Но и ждать, пока они вяло копаются вместо настоящей работы, мы не можем — время экспедиции ограничено и поджимает нас. Понимая это,  <i>[персонаж]</i> вызвался переговорить с мужиками и заставить их делать свою работу как следует. Но как нам лучше поступить? Воодушевить рабочих лично, решительной и зажигательной речью? Или попытаться по-умному решать этот вопрос через прораба?;2;Воодушевить лично;{plus} за {gem_red} {gem_green}<br/>{zero} за {gem_blue} ;2;Решать через прораба;{plus} за {gem_blue} {gem_green} <br/>{zero} за {gem_red} ;Существует множество правильных способов решать такие проблемы. Людей можно воодушевить своим личным примером. Или их можно мотивировать деньгами. Никогда не лишне напомнить работягам, кто им платит и какая работа от них требуется. Вопрос лишь в том, кто это сделает — прораб ли, знающий своих людей, как облупленных, или просто опытный руководитель, хорошо чувствующий настроение толпы и готовый твердо стоять на своем. Мы сумели принять правильное решение — и довести его до конца!;Нынешний Рассказчик получает право в следующей Ситуации посмотреть на вытащенные им Камни и либо кинуть их в общий мешок, либо вернуть обратно в свой.;Наши усилия оказались недостаточно слаженными — и каждый, от последнего рабочего до руководителя экспедиции, почувствовал эту неуверенность и неумение решить проблему. В итоге расчистка участка сильно затянулась. И хотя мы успели подкрепиться сэндвичами, но духом мы изрядно приуныли...;Пусть Герой сбросит их своего мешка ОДИН Камень.;
1;Пустой участок;archeology/vineyard.jpg;Мы ступили на ранее пройденный участок, каким-то шестым чувством ожидая возникновения проблем и осложнений. И они не заставили себя ждать! Одна из электрических ламп внезапно вспыхнула и взорвалась, разбрызгивая осколки стекла и искры. От возникшего замыкания свет коротко мигнул и погас — сработало аварийное выключение генератора, расположенного наверху. Наше продвижение застопорилось. Кажется, нам ничего не остается, кроме как выделить пару рабочих поумнее и отправить их на поверхность. А перед этим следует подробно и обстоятельно объяснить этим деревенщинам процедуру запуска генератора и решительно донести до них всю важность быстрого выполнения этой задачи. Однако у одного из нас — нетерпеливого <i>[персонажа]</i> — возникла альтернативная идея: не дожидаясь отправки рабочих, он взял свой ручной фонарь и направился к резервному генератору в соседних тоннелях...;2;Отправить рабочих;{plus}{plus} «Трезвые рабочие»<br/>{plus} за {gem_green} {gem_blue} и «Надежная техника»<br/>{zero} за {gem_red};2;;{plus} за <br/>{minus} за <br/>{zero} за ;Спустя короткое время свет вспыхнул вновь, ярко освещая подземные проходы. Кажется, рабочие смогли быстро добраться до поверхности и без особых проблем и проволочек запустили генератор. Что ж, отличная работа! Можно двигаться дальше…;Текущий Рассказчик имеет право в случае своего ранения в ходе экспедиции <b>сбросить 1 Зеленый и 1 Красный</b> Камень из своего мешка — и <b>вместо ранения всего лишь быть избитым</b>.;Минуты проходили за минутами, но туннели по прежнему были погружены в темноту. Нам оставалось лишь гадать — заблудились ли рабочие, не смогли понять наши инструкции или просто не особенно торопятся. А помом мы услышали крик нашего ушедшего в туннели товарища...;Отведи Героя в сторону.{1mm}Скажи ему, что он <b>увидел Символ с ОДНИМ Красным светодиодом</b> и обязан немедленно пройти Проверку «Защита от Символа».;
1;Пустой участок;archeology/vineyard.jpg;Шкуродеры — узкие извилистые лазы в твердых породах — отвратительное место. Сколько бы раз экспедиция ни проходила через них, какие бы советы ни давались в процессе — всегда обязательно найдется какой-нибудь толстяк или здоровяк, который сумеет зацепиться за что-нибудь и застрять посреди прохода. На этот раз беда случилась с Тимми — здоровенным детиной, нанятым на работы прямиком с одной из местных ферм. Советы расслабиться и поджаться не помогли, и даже напротив — поняв, что он все сильнее застревает, парень начал дергаться, метаться и паниковать, с каждой секундой усугубляя ситуацию. Находившийся ближе всего к злосчастному здоровяку <i>[персонаж]</i> безошибочно уловил, что скоро дело закончится истерикой, и мы застрянем тут намертво. А потому, пора уже что-то решать. Следует ли нам наорать на Тимми, обозвав его маленькой девочкой, чтобы он переключился на злость вместо паники? Или лучше просто твердо и решительно приказать ему взять себя в руки и дать пару советов?;2;Наорать;{plus}{plus} за {gem_red}<br/>{plus} за {gem_blue}<br/>{zero} за {gem_green};2;Решительно успокоить;{plus}{plus} за {gem_green}<br/>{plus} за {gem_blue}<br/>{zero} за {gem_red} ;О! Это оказалось удачное решение! Осознав, что он ведет себя точно девчонка, причем прямо на глазах у кучи взрослых мужиков, Тимми резко заткнулся и начал слушать советы. Спустя минуту ему удалось наконец продвинуться вперед и преодолеть узкое место. А спустя еще пару минут за ним благополучно прошла и вся остальная группа...;Рассказчик может вволю поржать над случившимся — и <b>забрать в свой мешок ОДИН Красный</b> Камень из числа потраченных игроками в этой экспедиции.;Идея была неплоха, но довести ее до конца мы не сумели. Тимми запаниковал еще сильнее, и лишь чудом сумел вырваться назад, обратно ко входу в лаз, заехав в процессе ногами прямо по голове находившегося за ним нашего товарища…;Отведи Героя в сторону. Если у него есть Травма — то срабатывает триггер ее приступа. Если нет — пусть считает, что дешево отделался. ;
1;Пустой участок;archeology/vineyard.jpg;Мы спокойно и без проблем прошли этот участок, благо он был заранее расчищен и пройден до нас. И вдруг… что-то привлекло внимание <i>[персонажа]</i>. Это были корни, свисавшие в углу, на стыке сводов туннеля и его стены. Жирные, рыхлые и белесые, словно бы покрытые мучнистой слизью. Встретить корни на этой глубине было удивительно — и наш Герой, без всякой задней мысли и осторожности протянул руку, намериваясь пощупать и более внимательно рассмотреть их... Должны ли мы остановить его, в ужасе закричав  «Назад!!»{2mm}У нас есть РОВНО 15 секунд на решение этой ситуации, и пусть прораб начинает считать!;2;Назад!!;{plus} за {gem_red} {gem_green}<br/>{zero} за {gem_blue};2;;{plus} за <br/>{minus} за <br/>{zero} за ;Наш окрик остановил неосторожного <i>[персонажа]</i> и заставил его попятиться назад. А следом за этим корни оборвались и шлепнулись на пол, растекаясь бесформенной и безобразной лужей слизи… Мы предпочли обойти ее стороной.;Рассказчик <b>получает право</b>: если в процессе этой экспедиции <b>у него случится Приступ Болезни</b> — он <b>может немедленно купировать его, сбросив из своего мешка Синий</b> Камень.;Возможно, у кого-то из нас и была мысль, что трогать склизкие, белесые корни — это плохая идея. Но доходчиво озвучить ее он не сумел. Наш герой коснулся корней — и в тот же момент они оборвались, шлепнувшись на землю, растекась лужей безобразной слизи. Она заляпала нашего товарища с ног до головы, заставив его содрогнуться от приступа отвращения. А вслед за этим...;Отведи Героя в сторону.{1mm}Скажи ему, что <b>у него начался Приступ Болезни!</b>;
1;Пустой участок;archeology/vineyard.jpg;Участок, хоть и был пройден и расчищен ранее, оказался в плачевном состоянии. Туннель пошел под уклон — и внизу начала собираться вода, мутная и холодная, холодная как лед, как сердце твоей бывшей. Совершенно точно на этом месте должна была стоять помпа — но по всей видимости она засорилась, и теперь проход был затоплен. Кто-то предложил прочистить помпу и немного подождать, пока вода сойдет. Но нетерпеливый <i>[персонаж]</i> решил, что терять время нельзя, и предложил пробиваться вперед, по пояс, а может и по грудь в ледяной воде. В знак своей решимости он сделал пару шагов вперед, погрузившись по колено... Ну и что же мы будет делать? Поступим как умные люди и наладим помпу? Или же просто сцепим зубы и пробьемся вперед, подняв фонари и ценное снаряжение повыше над головой?;2;Наладить помпу;{plus} за {gem_green} {gem_blue} и  «Надежная техника»<br/>{zero} за {gem_red};2;Пробиваться вперед;{plus}{plus} за {gem_green}<br/>{zero} за {gem_red} {gem_blue};Есть тут помпа или нет, засорилась она или исправна — вода все равно не опускалась ниже колен. Так что нам по-любому пришлось намочить ноги и тащить ценное снаряжение, поднимая его над головой. Однако, наше решение все же оказалось верным, и в итоге позволило нам сберечь немало времени и преодолеть проблемный участок...;Если на вашем пути будут участки с Находками — <b>выдай Рассказчику одну Находку сейчас, максимально незаметно</b>. Выдай игрокам <b>на одну находку меньше на ближайшем участке с Находками</b>.;Нам не удалось достичь успеха в нашем начинании и пришлось искать обходной путь. Однако столь бессмысленное и деморализующее пребывание в ледяной воде сказалось на нашем Герое не лучшим образом…;Отведи Героя в сторону.{1mm}Скажи ему, что <b>у него начался Приступ Болезни!</b>;
1;Пустой участок;archeology/vineyard.jpg;Какого, спрашивается, черта эти рабочие потащили под землю старинные керосиновые фонари? Двадцатый же век на дворе, давно уже электричество в ходу. Чуть ли не на любой ферме по приемнику, и даже в трущобах улицы электричеством освещают. А тут — и смех и слезы. Один из рабочих, неосторожно налетел на идущего впереди <i>[персонажа]</i> и выронил свой керосиновый фонарь. Пролившееся топливо вспыхнуло, словно это был лучший автомобильный бензин! А вместе с ним вспыхнули и штаны на нашем товарище и неуклюжем работяге. Нам надо быстро что-то предпринять! В такие моменты нужно собраться, не поддаваться панике и решительно сделать правильные действия!;2;Погасить огонь;{plus} за {gem_green} {gem_blue} <br/>{zero} за {gem_red};2;;{plus} за <br/>{minus} за <br/>{zero} за ;Мы решительно бросились к пострадавшим, сбили их с ног и заставили кататься, сбивая пламя. Когда это не помогло, кто-то включил голову и накинул поверх свою куртку — это позволило моментально погасить огонь. Получив заслуженный нагоняй, виновник торжества печально пристроился в конец группы и мы продолжили наше путешествие.;Рассказчик получает право: <b>в ОДНОЙ</b> из следующих ситуаций, когда его <b>решат назначить Героем</b> — он имеет право сказать, что после этого случая он особенно осмотрителен, и <b>новому Рассказчику придется назначить другого</b> Героя.;Паника и бессмысленное метание все же начались. Рабочий, завывая и приплясывая, убежал куда-то вперед. А наш коллега тщетно орал и метался, пытаясь сбить пламя, пока наконец кто-то не додумался повалить его на землю и накинуть сверху куртку. Это помогло — но было несколько поздновато: штаны на нашем Герое основательно подгорели, а сам он успел получить неприятные повреждения.;Отведи Героя в сторону. {2mm}<b>Предложи ему выбор</b> — он либо не смертельно, но неприятно обгорел (и теперь <b>Избит</b>), либо у него <b>начался Приступ Болезни</b>.;
1;Пустой участок;archeology/vineyard.jpg;Проходя по подземным туннелям, почти каждый норовит поставить на стене или полу какую-то метку. Так создается неповторимая мешанина стрелок, крестиков, линий, кружков и прочего. Бывает, разные люди в разное время отмечают свой путь стрелкой с кружком на конце и считают, что больше никто до такого не додумается. Как бы то ни было, где-то получасовой переход почти в полной тишине закончился. Один из нас озвучил мысль, уже давно пришедшую во все головы: {quot}Кажется, мы идем не туда!{quot}. {quot}Ну что ж, — тут же откликнулся <i>[персонаж]</i>, — тогда вы стойте здесь, а я на разведку!{quot}. Перехватив поудобнее свой фонарь, он бодро пошел в направлении двойной волнистой стрелки. Вся остальная экспедиция осталась его ждать. А что, господа, не сравнить ли нам пока свои данные насчет того, кто какие стрелки ставил и по каким нам сейчас идти? Или просто посидеть и подождать?;2;Разобраться в знаках;{plus} за {gem_blue} <br/>{zero} за {gem_red} {gem_green};3;Ждать;{plus} за {gem_green} {gem_blue} <br/>{zero} за {gem_red} ;Короткая передышка пошла на пользу: мы легко разобрались, какие стрелки куда вели. Буквально пара поворотов — и мы вышли на нужное место, где нас уже ждал наш коллега, уходивший на разведку.;Рассказчик получает право избежать Ранения при провале возвращения экспедиции.;Посидев, подождав и обсудив между собой все использованные нами системы знаков, мы поняли, что совершенно напрасно беспокоились — мы оказались буквально в двух шагах от знакомого нам перекрестка, на который тут же и вышли. Не забыли, конечно, нарисовать большую и жирную стрелку во всю ширину прохода для нашего товарища — теперь, когда вернется, он точно не заблудится! Ну, вот мы и вышли!.. хотя постойте! Это не тот перекресток, это просто похожий!;Отведи Героя в сторону. Он пропускает следующую Ситуацию.;
1;Пустой участок;archeology/vineyard.jpg;— Надо поворачивать! — озадаченно произнес прораб и перекрестился, — Дурное место, задницей чую! — прораб указал вперед, на открывшийся перед нами грот. Широкий зал идеально подходил для отдыха экспедиции, и эта мысль явно приходила в голову не только нам. Судя по всему, когда-то здесь уже обустраивали временный лагерь и активно употребляли пищу. Иначе как еще объяснить густой ковер плесени и бледных грибов на тонких ножках, теперь покрывавших весь пол грота от входа и до дальнего выхода. Подземная сырость и остатки пиши и оберточной бумаги оказались прекрасной средой для этих примитивных организмов. А нетерпеливый <i>[персонаж]</i>, лишь скептически посмотрев на суеверного мужика, уже шагал в сторону грота...<br/>Должны ли мы немедленно заорать и остановить нашего товарища? Или пусть себе идет?{2mm}У нас есть РОВНО 15 секунд, и пусть прораб начинает считать.;3;Стой!!;{plus} за {gem_red} {gem_green} <br/>{zero} за {gem_blue};0;Пусть идет;Сразу же происходит секция Провал;Наш крик возымел эффект: наш товарищ недоверчиво обернулся, а потом, уже с осторожностью посмотрел на грибы, покрывавшие пол пещеры. БЛОП!! — с нетерпеливым чавканьем лопнул ближайший гриб, заставив нас попятиться подальше вглубь туннеля. Вот чёрт! Нужно искать обходной путь. И хорошо ещё, что мы не влезли в эту мерзость!;Рассказчик получает право: ОДИН раз за экспедицию, когда его назначат Героем — он <b>может сразу же перевести стрелки и назначить Героем самого Рассказчика!</b>;БЛОП-БЛОП!!! — с мерзким чавканьем первые грибы лопнули под ногами неосторожного <i>[персонажа]</i>, засыпав его серым облаком спор и пыли и заставив зайтись мучительным кашлем. Мы поспешили уйти обратно в глубину туннеля и поискать обходной путь…;Отведи Героя в сторону.{1mm}Скажи ему, что <b>у него начался Приступ Болезни!</b>;
1;Подземелья;archeology/vineyard.jpg;Работы на участке были почти закончены, когда пара рабочих что-то не поделила между собой. Слово за слово, тычок в плечо — и вот уже две группы мужиков схватились между собой в яростной и безобразной свалке. Их драка угрожает безопасности находок, да и самой экспедиции. Что ж, делать нечего – придется кому-то разнять и успокоить дерущихся. Один из нас — отважный <i>[персонаж]</i> — оказался ближе всех к дерущимся рабочим и сразу же бросился в самую гущу свалки...<br/>Так что же мы будем делать, господа? Поспешим на помощь нашему товарищу — или прикажем другим рабочим разнять дерущихся?;2;На помощь!;{plus} за {gem_red} {gem_green} <br/>{minus} за {gem_blue};2;Приказать рабочим;{plus}{plus} за «Трезвые рабочие»<br/>{plus} за {gem_green}<br/>{zero} за {gem_red} {gem_blue};Наш внезапный натиск застал рабочих врасплох и остудил их пыл! Потупившись, они прекратили драку и вернулись к работам. Участок был благополучно пройден, а бесценные находки — спасены нашими общими усилиями.;Игроки получают 2 Находки (выдай их Рассказчику).;Наш герой оказался не столько внушителен, сколько безрассуден. Бросаться в самую свалку, не заручившись поддержкой других участников экспедиции, явно было не лучшей идеей. Теперь же, вместо того, чтобы прекратить драку, рабочие, кажется, нашли себе новую жертву...;Отведи Героя в сторону. Дерись с ним по правилам Рукопашки. У тебя есть Удар, Захват, 5 Блоков и 1 Уклонение.{1mm}Если ты победишь Героя — Избей его.;
1;Подземелья;archeology/vineyard.jpg;Выбрав сухой и просторный участок, мы успели разбить временный лагерь и немного перекусить, когда к нам прибыл озадаченный прораб. Оказалось, что работы на участке встали намертво после того, как рабочие повредили проводку. Небрежно разложенная, она попала под чей-то заступ, и теперь на участке не было ни света, ни работающей помпы. Мы стремительно свернули перекур и выдвинулись на место, только для того, чтобы стать свидетелями плачевной ситуации. Темнота, переругивающиеся при свете фонарей рабочие, хлюпающая под ногами грязь и капающая с потолка вода. Таааак... Обстановочка та еще. Засучив рукава, <i>[персонаж]</i> направился к генератору, чтобы перезапустить его по нашей команде. А нам предстояло ни в коем случае не поддаваться эмоциям, задействовать аварийный свет и хорошенько пораскинуть мозгами, чтобы отследить нужные провода и соединить их между собой.;2;Чинить проводку;{plus} за {gem_blue} и «Спасательное снаряжение» или «Надежная техника»<br/>{minus} за {gem_red}<br/>{zero} за {gem_green};2;;{plus} за <br/>{minus} за <br/>{zero} за ;Довольно быстро мы добились успеха. Нам удалось отследить, какой провод куда идет, аккуратно расскидать их по стенам и ликвидировать место обрыва. Настал момент истины: мы дали знак — и наш товарищ дернул за шнур генератора. Машина взревала — и одновременно с этим вспыхнули электрические лампы, сначала дрожащим и мигающим, а после ровным, стабильным светом. Работы были возобновлены и вскоре увенчались добычей полезных находок.;Игроки получают 2 Находки (выдай их Рассказчику).;Кое как мы соединили провода и подали сигнал нашему товарищу. Он завел генератор — и лампы коротко мигнули. Но затем от проводки полетели искры, и зал вновь погрузился в темноту… Неудача в столь простом деле изрядно подкосила наш боевой дух и привела к существенной потере времени.;Пусть Герой сбросит их своего мешка ОДИН Камень.;
1;Подземелья;archeology/vineyard.jpg;Работы на участке подозрительно затягивались, и до сих пор не было никаких ценных находок. Наш руководитель уже был готов перебросить рабочих в очередной зал, когда появился прораб. По его виду было понятно, что разговор предстоит серьезный. Тот сразу взял быка за рога, и сказал, что на участке воруют. Среди рабочих сложилась настоящая преступная сеть: стоило отвернуться, как сразу же пропадали и ценные находки, и разное снаряжение. Судя по всему, в этот процесс были вовлечены многие — по крайней мере, вещи исчезали моментально, словно бы одна группа рабочих передавала их по цепочке и сразу прятала в надежном месте, пока вторая делала вид, что усердно работает, и отвлекала прораба мелкими бытовыми и рабочими вопросами... Выругавшись, <i>[персонаж]</i> решительно вскочил с места и направился на участок, намереваясь лично разобраться с проблемой. А нам предстояло решить: собрать ли всех рабочих вместе и откровенно, по душам, но твердо поговорить с ними, либо же провести расследование, найти и показательно уволить главного зачинщика всего этого бардака...;3;Сделать внушение;{plus} за {gem_red} {gem_green} и «Трезвые рабочие»<br/>{minus} за {gem_blue} ;3;Провести расследование;{plus}{plus} за {gem_blue}<br/>{plus} за {gem_red}<br/>{zero} за {gem_green};Эффект оказался потрясающим! Оказавшись перед выбором — сохранить стабильную и честную работу или пойти на улицу чистить ботинки и искать покупателей на эти пару грязных безделушек, рабочие проявили поистине похвальные сознательность и понимание.  В самом скором времени на участке «нашлись» и ранее потерянные инструменты, и долгожданные находки...;Игроки получают 2 Находки (выдай их Рассказчику).;Мы не больно-то преуспели в нашем начинании. А вот нашему товарищу, кажется, повезло узнать больше. И именно из-за этого рабочие и разбили ему голову...;Отведи Героя в сторону. Предложи ему последовательно <b>выполнить Рукопашные приемы: Уклонение и Блок</b>.{1mm}Если его персонаж умеет это — он спасся, а если нет — рабочие ударили его сзади по голове и <b>Избили</b>.;
1;Подземелья;archeology/vineyard.jpg;Мы мирно сидели во временном лагере, почтительно прикладывась к фляжке крепкого и рассказывая друг другу удивительные истории из своей жизни, когда появился озадаченный и встревоженный прораб. Оказалось, что пара рабочих с находками, отправленная с участка в наш лагерь, решила по дороге распить бутылочку виски, и — вот ведь алкаши — явно не ограничилась одной бутылкой. Оставалось только гадать, что же было дальше, но их следы вели в неисследованный и крайне извилистый лабиринт в известняковых пещерах и терялись там, где пол становился сухим. Выругавшись, <i>[персонаж]</i> поднялся и направился в указанную сторону, пообещав найти и вернуть в лагерь обоих мужиков. Но когда он не вернулся спустя десять минут — мы встревожились не на шутку и отправились на поиски. Сейчас было бы уместно задействовать аварийное освещение, веревки и голову, чтобы быстро и качественно обыскать лабиринт и найти пропавших. И ни в коем случае не делать необдуманных действий на эмоциях...;2;Искать пропавших;{plus} за {gem_blue} и «Спасательное снаряжение»<br/>{minus} за {gem_red}<br/>{zero} за {gem_green};2;;{plus} за <br/>{minus} за <br/>{zero} за ;Разбившись на группы и задействовал фонари, веревки и мел, мы обходили один проход за другим, пока я не заметил блики света на стенах за очередным поворотом. В одном из боковых отнорков и нашлись все пропавшие: мертвецки пьяные рабочие и наш товарищ, терпеливо ждущий помощи...;Игроки получают 2 Находки (выдай их Рассказчику).;Наши поиски не увенчались успехом. И кажется, причиной тому было недостаточное старание и плохая организация процесса. Как бы то ни было, число потерянных пополнилось еще одним участником экспедиции…;Отведи Героя в сторону. Он потерялся вместе с рабочими и <b>пропускает следующую Ситуацию</b>.{1mm}С ним <b>случится тот же эффект, который случится с Героем следующей Ситуации</b> (Избиение, Приступ Болезни или подобное), только без права как-то повлиять на это.;
1;Подземелья;archeology/vineyard.jpg;Наш перекур был в самом разгаре, и я как раз рассказывал отличную историю про то, как однажды я купил в аптеке… — как вдруг появился крайне озадаченный и встревоженный прораб. По его словам выходило, что уже у нескольких рабочих на участке возники серьезные проблемы со здоровьем — у кого дикий кашель, у кого ужасная головная боль, а кто и просто не мог стоять на ногах. Сначала прораб решил было, что работяги симулируют, чтобы передохнуть лишнего — но вернуть мужиков обратно к работе он не смог. Теперь ему требовалась помощь квалифицированных специалистов. Поднявшись, <i>[персонаж]</i> первым отправился на участок, чтобы осмотреть рабочих, а мы поднялись и двинулись следом за ним. Рабочие и в самом деле выглядели плачевно — но таковы реалии этого грязного туманного городишки, в котором болеют все. Однако вопрос был в том, что же нам делать? Следует ли решительно приказать рабочим взять себя в руки и закончить работы на участке, прежде чем мы отправим больных на поверхность? Или лучше пройти среди них, похлопать каждого по плечу и дать глотнуть из фляжки, а остальных попросить вернуться к работе и закончить тут побыстрее?{1mm}Ах да, в этой ситуации можно еще использовать ОДНУ порцию Лекарства — добавив ее к нашим общим усилиям.;3;Решительно за работу!;{plus}{plus} за {gem_green}<br/>{plus} за {gem_red}<br/>{zero} за {gem_blue};3;Похлопать по плечу;{plus}{plus} за {gem_red}<br/>{plus} за {gem_green}<br/>{zero} за {gem_blue};Сделанный нами выбор оказался мудрым: почувствовав, что они подводят своих товарищей-трудяг и рискуют остаться без премиальных пяти долларов, мужики взяли себя в руки и вернулись к работе.;Игроки получают 2 Находки (выдай их Рассказчику).;Несмотря на наши усилия, рабочим становилось все хуже, и мы были вынуждены остановить работы и организовать их эвакуацию на поверхность…;Отведи Героя в сторону. Походив среди больных, он и сам почувствовал себя дурно. Предложи ему <b>выбор: он либо сейчас принимает порцию любого Лекарства, либо у него начинается Приступ Болезни</b>.;
1;Подземелья;archeology/vineyard.jpg;Руководитель экспедиции как раз вещал с умным видом о важности и значимости этих работ и о том, что  все ее участники определенно не останутся внакладе, когда появился прораб. Уважительно дождавшись конца монолога, он обратился к нашему шефу: <br/>— Господин начальник! Нам удалось обнаружить ценные находки. Проблема в том, они они находятся среди слежавшейся породы, под самым потолком. Если будем их бездумно вынимать — так там весь свод осесть может, а это тысяча квинталов, не меньше. Вы бы подошли, покомандовали работами!<br/>Руководитель еще не успел открыть рта, как нетерпеливый <i>[персонаж]</i> уже направлялся на участок. Нам ничего не оставалось, как последовать за ним. Что ж! Руководить этой работой вряд ли потребует реальных инженерных знаний — скорее уж здравого смысла и смекалки. А вот давить на рабочих или давать волю эмоциям тут явно не следует. За дело господа! Кажется, я и отсюда вижу вон те две штуки, которые можно аккуратно поддеть, не трогая вот ту широкую трещину...;2;Руководить работами;{plus} за {gem_blue} и «Трезвые рабочие»<br/>{minus} за {gem_red}<br/>{zero} за {gem_green};2;;{plus} за <br/>{minus} за <br/>{zero} за ;Это оказалось не сложно! Под нашим руководством ценные находки были извлечены из слежавшейся песчаной породы аккуратными, точными движениями…;Игроки получают 2 Находки (выдай их Рассказчику).;Одно неосторожное движение — и десятки тысяч фунтов песка внезапно осели вниз с глубоким, скорбным выдохом. Глухой удар, куча взметнувшейся пыли… Криков погребенных рабочих или нашего товарища, неосмотрительно стоявшего, задрав голову, под самыми сводами, мы так и не услышали... Почти полчаса у нас ушло на то, чтобы раскидать песок и откопать погребенных — но было уже поздно. Оба рабочих погибли...;Отведи Героя в сторону. Он выжил и даже избежал серьезного ранения, но все еще находится в шоке — предложи ему выбор: <b>он либо Избит, либо у него начался Приступ Болезни</b>.;
1;Подземелья;archeology/vineyard.jpg;Подошедший прораб выглядел озадаченным и смущенным. С его слов выходило, что рабочие наткнулись на древнее захоронение — еще секунду назад они энергично орудовали кирками и лопатами, и вот уже чей-то череп вывалился им прямо под ноги вместе с комьями земли. Надо ли говорить, что было дальше? Мужики наотрез отказались копать — чтобы типа не навлечь на себя древнего проклятия. Да и вообще, не по-божески это... Прораб еще не успел закончить, а нетерпеливый <i>[персонаж]</i>, схватив одной рукой лопату, а другой схватившись за лицо, уже шагал в сторону участка, чтобы лично побороться с древним суеверием в поисках ценных находок. Мы последовали за ним, повсеместно встречая крестящихся и бормочущих молитвы рабочих. Но что же нам делать? Вспомнить молодость и самим взяться за лопаты со всей решимостью и яростью? Или же твердо и уверенно, без малейшей тени эмоций в голосе, успокоить работяг и пообещать им подкинуть пару баксов прямо на месте, если они перестанут трястись и сделают свою работу?;3;Взяться за лопаты;{plus} за {gem_red} {gem_green}<br/>{zero} за {gem_blue};1;Заплатить пару баксов;{plus} за {gem_green}<br/>{minus} за {gem_red}<br/>{zero} за {gem_blue};Трястись от ужаса перед древними покойниками, среди вещей которых и находятся самые полезные археологические находки? Да с таким же успехом можно было вообще остаться дома и не ходить ни в какую экспедицию! Нет уж! Только вперед: эти вещи явно уже не нужны мертвецам — зато пригодятся нам...;Игроки получают 2 Находки (выдай их Рассказчику).;Тяжело искать ценности, когда участники не проявляют должного рвения и внимания, и только и думают о том, как бы побыстрее закончить с этим делом, уйти отсюда и помыть руки… Мы не смогли найти ничего ценного, и над боевой дух изрядно упал…;Пусть Герой сбросит их своего мешка ДВА Камня.;
1;Подземелья;archeology/vineyard.jpg;Очередная капля с убаюкивающим монотонным звуком упала вниз, и я зевнул. Работы были в разгаре, никаких осложнений не предвиделось, а после плотного перекуса и фляжки крепкого все руководство экспедиции пребывало в расслабленном и благостном настроении. Мы двигались с опережением графика, поэтому никто, кроме разве что нетерпеливого <i>[персонажа]</i> не возражал, когда рабочие прервались, чтобы с толком и расстановкой принять пищу и передохнуть. Руководитель экспедиции неспешно рассказывал очередную историю, плавно покачивался огонек керосиновой лампы, плясали на стенах причудливые тени и падали с тихим шелестом капли воды... Приятная плохлада разливалась вокруг, призывая расслабиться и забыться сном. И остаться здесь... НАВСЕГДА!{1mm}— Вставайте! Поднимайтесь! — где-то далеко-далеко надрывался наш товарищ. Но способна ли его воля пробудить нашу собственную и заставить нас воспрянуть от сна? Или нам скорее помогут мысли о возвращании в шумный бар или в уютный дом, к нашим семьям? Пока сознание еще не покинуло нас — время сделать этот выбор!;7;Воля! Подъем!!;{plus}{plus} за {gem_green}<br/>{plus} за {gem_red} и  «Трезвые рабочие»<br/>{zero} за {gem_blue};7;Вернуться к семье!;{plus}{plus} за {gem_red}<br/>{plus} за {gem_green} и  «Трезвые рабочие»<br/>{zero} за {gem_blue};Это помогло! Один за другим люди словно выныривали из темного, ледяного омута гибельного сна, и будили своих товарищей… Кто-то начал прыгать на месте, пытаесь согреться, другие зажигали все новые фонари, третьи обливались холодной водой… Убаюкивающая темнота и смертельный холод нехотя отступили вглубь туннелей. Мы поспешили забрать находки и скорее покинуть это гиблое место!;Игроки получают 2 Находки (выдай их Рассказчику).;Сколько прошло времени? Час? Или больше? Один за другим мы просыпались, словно после тяжелого похмелья, смертельно замерзшие и разбитые. Но не все… остывшие тела пары рабочих, бледные и скрюченные, лежали у темного туннеля…;Пусть Герой сбросит их своего мешка ТРИ Камня.;
1;Подземелья;archeology/vineyard.jpg;Наш перекур во временном лагере был прерван самым бесцеремонным образом, когда появившийся прораб обрисовал руководителю мрачную картину очередной неприятности. Оказалось, что рабочие поленились укрепить потолок в дальнем конце зала, где проводились работы. И, как показала практика, напрасно. Своды осели — и ценные находки оказали погребены под ними. Вздохнув, наш коллега <i>[персонаж]</i> поднялся и отправился на участок, и мы последовали за ним. Прибыв на место, мы только присвиснули. Половина зала просто перестала существовать, погребенная под десятками тонн породы. Рабочие вяло ковырялись лопатами у края обвала — но с таким же успехом они могли бы делать это детскими совочками для песка. Разгрести эту кучу будет не просто, и уж всяко сложнее, чем то, с чем мы сталкивались ранее. И сейчас нам предстояло принять важное решение. Подтянем ли мы нужную технику и будем без суеты и истерик руководить работами со стороны, давая умные советы и решительно пресекая перекуры и попытки увильнуть от работы. Либо же сами возьмемся за лопаты и технику, чтобы своим примером и решимостью воодушевить мужиков быстро выполнить работу — но тогда надо перестать чесать языками и слишком много рассуждать. Так что же мы в итоге решим?;5;Руководить работами;{plus}{plus} за «Надежная техника»<br/>{plus} за {gem_blue} {gem_green}<br/>{minus} за {gem_red};5;Взяться за лопаты;{plus}{plus} за «Надежная техника»<br/>{plus} за {gem_red} {gem_green}<br/>{minus} за {gem_blue};За напряженной работой время пролетело незаметно, и вскоре нам удалось добраться до погребенных находок…;Игроки получают 2 Находки (выдай их Рассказчику).;Наши усилия оказались недостаточными, и работы двигались столь медленно, что вскоре отставание от графика стало заметно даже самому последнему рабочему. Наконец, руководитель махнул рукой, снимая всех с этого направления. Злые и с подорванным боевым духом, мы вернулись во временный лагерь...;Пусть Герой сбросит их своего мешка ЧЕТЫРЕ Камня.;
1;Подземелья;archeology/vineyard.jpg;Работы на очередном участке сперва не предвещали ничего неприятного. Пока руководство экспедиции, удобно расположившись на большом плоском камне, распаковывало припасенные бутерброды и термосы с чаем, прораб привычно руководил рабочими, которые устанавливали оборудование и начинали бурить. Порода в этом месте оказалась более плотной, поэтому работа шла споро, но не очень быстро. Заскучавшие рабочие решили подбодрить и развлечь себя хоровым исполнением известной шуточной песни. Кто же знал, что у нашего друга, <i>[персонажа]</i>, именно эта песня вызовет столь негативную реакцию? Он поначалу молча сидел, мрачный как туча, а после первого припева вскочил, подошел к рабочим и в очень резкой форме потребовал прекратить это безобразие, потому что эта песня оскорбляет его. Рабочие стали возмущаться, на что наш товарищ безапелляционно заявил, что либо сейчас рабочие замолчат, либо он уходит, и копайте дальше как хотите! Как нам сейчас поступить — спокойно и разумно убедить нашего товарища, что рабочие не имели в виду ничего такого, или же обратиться к рабочим и по-человечески попросить их немедленно сменить репертуар?;2;Убедить нашего товарища;{plus} за {gem_blue}<br/>{zero} за {gem_red} {gem_green};2;Поговорить с рабочими;{plus} за {gem_red}<br/>{zero} за {gem_blue} {gem_green};Руководящий состав экспедиции проявил недюжинные дипломатические способности, и вскоре мир был восстановлен. Наш товарищ успокоился и даже извинился перед рабочими за столь резкие нападки, а те в свою очередь пообещали немедленно сменить репертуар. Вскоре слаженная работа на участке дала свои плоды.;Игроки получают 2 Находки (выдай их Рассказчику).;Мы оказались недостаточно убедительными. Рабочие, кривя физиономии, занялись имитацией бурной деятельности, периодически тихо напевая то одну, то другую строчку из скандальной песенки, а наш товарищ, плюнув в сердцах, схватил фонарь и быстрым шагом направился куда-то в глубину подземелий.;Отведи Героя в сторону. Он вернется к экспедиции, когда случится одно из двух событий: 1) экспедиция потерпит неудачу на любом из участков, 2) глава экспедиции скомандует возвращаться.;
1;Подземелья;archeology/vineyard.jpg;Путь на очередном участке нам преградила широкая расселина. Вздохнув, прораб дал рабочим команду наводить навесной мост. Те не спеша взялись за дело, потому что понимали, что лучше провести лишние полчаса здесь, чем потом лишние полгода в гипсе. Но наш товарищ, нетерпеливый <i>[персонаж]</i>, имел свое особое мнение насчет того, когда мост считать готовым. Проигнорировав предупреждение прораба, он встал на мост и бодро шел по нему до середины, когда недозакрепленный узел с одной стороны развязался, и мост опасно накренился. Наш товарищ в ужасе вцепился в веревочные перила так, что пальцы побелели, и боится сделать и движение. А нам предстоит решить, что теперь предпринять нам: мягко, не давя, поговорить с ним и подбодрить, чтобы он смог потихоньку, шажок за шажком, дойти до противоположной стороны и оказаться в безопасности? Или оставить нашего друга на месте и провести экстренную спасательную операцию, чтобы вытащить его обратно к нам?;5;Спасательная операция;{plus}{plus} за «Спас. снаряжение»<br>{plus} за {gem_green} {gem_blue}<br/>{minus} за {gem_red};2;Подбодрить товарища;{plus} за {gem_red}<br/>{zero} за {gem_blue}<br/>{minus} за {gem_green};Все было сделано в высшей степени профессионально. Наш товарищ был спасен, а рабочие быстро дозакрепили мост, после чего мы смогли перейти на ту сторону и продолжить раскопки там.;Игроки получают 2 Находки (выдай их Рассказчику).;Недостаток согласованности в действиях сказался: мост таки рухнул! К счастью, наш товарищ вцепился в веревочные перила, словно клещами, и висел на них до тех пор, пока двое рабочих, обвязанных веревками, не спустились с уступа и не втащили его наверх. Но время, которое мы планировали посвятить раскопкам, было безнадежно потеряно.;Отведи Героя в сторону. Он стал жутким перестраховщиком, и В ДВУХ следующих ситуациях, когда он не будет Героем, он ОБЯЗАН положить в общий мешок минимум по 3 Камня.;
1;Подземелья;archeology/vineyard.jpg;В кои-то веки нам попался участок, на котором, кажется, не должно было встретиться ничего непредвиденного! Не шумела за тонкой стенкой вода, не подгнивали деревянные опоры, четко и грамотно были проведены провода, так что даже самый криворукий идиот не перерубил бы их неудачным ударом. Мы расположились на заслуженный отдых. Минут через десять к нам подошел запыхавшийся прораб: <br>— Выручайте, господа! Тут, судя по всему, базальтовая плита, жесткая, как скалка у моей тещи! Ребята просто из сил выбиваются, я кирку взял, помахал — и то умаялся! Тут любая помощь полезна — хоть совет умный, хоть подбодрить ребят, может, сами решительно за инструмент возьметесь! Да, вот чего бы точно сгодилось — это техника хорошая!<br>Не успел прораб закончить свою речь, как <i>[персонаж]</i> с криком {quot}Сейчас я покажу этим лентяям, как работать нужно!{quot} схватил валявшуюся рядом кирку и побежал на подмогу.;5;Помогать!;{plus}{plus} за «Надежная техника»<br>{plus} за {gem_green} {gem_blue} {gem_red}<br/>;2;;;Мы еще раз убедились в справедливости детских сказок, в которых добросовестные слаженные действия дают нужный результат. Подбадриваемые и направляемые разумными советами рабочие во главе с несколькими нашими товарищами, которые лично взялись долбить породу, проделали достаточно широкий проход в плите, чтобы мы могли продвинуться дальше.;Игроки получают 2 Находки (выдай их Рассказчику).;Чертова плита словно смеялась над нашими усилиями, и очень скоро мы все поняли бесполезность наших попыток. Все, кроме нашего Героя. Он, даже оставшись в одиночестве, яростно молотил и молотил по твердому камню, высекая из него искры. Наконец, инструмент сломался, а наш товарищ обессиленно опустился на камни, саданув напоследок по скале кулаком.;Отведи Героя в сторону. В следующей Ситуации он НЕ может положить в мешок ни одного Камня.;
1;Подземелья;archeology/vineyard.jpg;Мы уже настолько привыкли, что на каждом участке нас ждет какая-нибудь пакость, что, придя сюда, просто сели в кружок и стали заключать пари — что же стрясется на этот раз. И появление прораба, который сказал, что работы почти завершены, притом с опережением графика, и рабочие скоро закончат копать, было приятнейшим сюрпризом. На радостях <i>[персонаж]</i> предложил устроить обеденный перерыв, раз все хорошо. Все остальные с воодушевлением поддержали эту идею. Увы, недоглядев, мы поставили наши рюкзаки с провизией к стене пещеры, по которой сочилась какая-то жидкость, то ли вода, то ли не пойми что. За время работ жидкость пропитала рюкзаки и большую часть продуктов. Техника безопасности и здравый смысл прямо кричат о том, что испорченные продукты надо выкинуть. Но как именно? Либо волевым решением, без всякого умничания на тему {quot}эта часть вроде сухая{quot}, выбросить все содержимое рюкзаков, либо медленно и методично обследовать их и выяснить, что испорчено, а что еще можно есть. ;2;Выбросить все;{plus} за {gem_green} <br>{zero} за {gem_red}<br/>{minus} за {gem_blue};4;Осмотреть и отобрать;{plus} за {gem_blue}<br/>{zero} за {gem_green}{gem_red};Взявшись за дело, мы быстро избавились от неликвидной провизии, потом слегка перекусили тем, что было в уцелевших рюкзаках, и вновь взялись за работу. ;Игроки получают 2 Находки (выдай их Рассказчику).;Черт, не надо было подпускать к этому делу людей, которые были самыми голодными! Посмотрев на отличный кусок солонины, <i>[персонаж]</i> произнес {quot}Это вроде более-менее целое{quot} и сунул его в рот. Несколько рабочих, словно получив разрешение, тотчас же запихнули в рот по бутерброду, пока их никто не остановил. В результате через несколько минут пришлось вместо работы организовывать импровизированный лазарет.;Отведи Героя в сторону. Его <b>Болезнь переходит на следующую стадию</b> и после этого начинается ее приступ!<br/>Проследи, чтобы начал отыгрывать.;
1;Подземелья;archeology/vineyard.jpg;— Господа, — прораб выглядел крайне собранным и серьезным, — Нужна ваша помощь. Срочно.{1mm}Переглянувшись, мы отложили свой обед и поспешили на место. С первого взглядя стало понятно, что здесь что-то не так… Рабочие опасливо жались по стенкам, а в центре зала стояли наши коллеги: <i>[персонаж]</i> и <i>[персонаж]</i>. Наклоненные головы, отведенные в стороны руки, плечи вперед. Натянутые, как струна. Взгляды прищуренные... Словно два сраных ковбоя из новомодного кино. Вот только шутки сейчас явно неуместны — еще секунда, и тут явно полыхнет! И какого хера на них нашло?{1mm}Так что же? Мягко успокоим наших коллег? Или попытаемся достучаться до голоса разума? Сейчас главное — ни в коем случае не давить на них!{2mm}У нас есть РОВНО 15 секунд для выбора действия и разрешения ситуации, и пусть прораб начинает считать!;4;Мягко успокоить;{plus}{plus} за {gem_red} <br>{zero} за {gem_blue}<br/>{minus} за {gem_green};4;Достучаться до разума;{plus}{plus} за {gem_blue} <br>{zero} за {gem_red}<br/>{minus} за {gem_green};Наши слова мало-помалу возымели действие, и вот уже наши коллеги потрясенно замотали головами, приходя в себя. Но ни сейчас, ни по дороге на следующий участок они так и не смогли объяснить нам, что же за хрень между ними случилась!..;Игроки получают 2 Находки (выдай их Рассказчику).;Слова не смогли разрядить возникшую напряженность… А потом — скрип натянутой тетивы или звон струны, напряженной до упора… И разверзся ад…;Отведи <b>обоих выбранных Героев</b> в сторону. Они оба впали в беспричинную, испепеляющую ярость друг к другу. Предложи им <b>немедленно решить конфликт самым жестким силовым путем</b>. Тот, кто первым сольет конфликт — потеряет из своего мешка ВСЕ Камни, кроме Черных.;
1;Подземелья;archeology/vineyard.jpg;До следующего участка идти было недалеко — мы послали вперед рабочих, а сами шли позади. Вдруг спереди раздался истошный крик: {quot}Этот мужик на меня смотрит!{quot}. Кричал Тимми — местный здоровяк, силач, каких мало, но при этом впечатлительный трус. Мы подбежали и увидели, что его так напугало — крупный камень в стене действительно немного напоминал физиономию какого-то жуткого индейца, который смотрел на нас. Не успели мы объяснить Тимми, что бояться нечего, как остальным рабочим тоже стало что-то казаться. Кто-то слышал в плеске подземного ручья девичий смех, кому-то наросший на полу сталагмит казался стариком в балахоне, кто придумывал еще что-то. Наконец  <i>[персонаж]</i> воскликнул в сердцах: {quot}Да нет тут никого и ничего! Сейчас я в одиночку пройду этот тоннель и вернусь обратно!{quot} — и решительно зашагал во тьму. А что же мы?{2mm}Cледует ли поговорить с рабочими запанибрата, потравить баек и успокоить их? Или лучше привлечь научные знания и объяснить всё по уму, скучно, зато без мистики? А вот чего точно не следует делать — это давить на работяг.;4;Поговорить и успокоить;{plus}{plus} за {gem_red} и   «Трезвые рабочие»<br>{plus} за {gem_blue}<br/>{minus} за {gem_green};4;Объяснить по уму;{plus}{plus} за {gem_blue}  и «Трезвые рабочие»<br>{plus} за {gem_red}<br/>{minus} за {gem_green};Рабочие вняли нашим словам, успокоились и даже начали подшучивать по поводу  охватившей их мнительности. Отправившись дальше, мы вскоре наткнулись на нашего товарища, заметившего за ближайшим камнем блеск чего-то ценного.;Игроки получают 2 Находки (выдай их Рассказчику).;Кое-как мы убедили рабочих пройти дальше, но все равно они вздрагивали от каждой тени. Постепенно их нервозность передалась нам, мы потеряли счет времени. Когда же мы после очередного поворота снова вышли к камню в виде лица индейца — наш товарищ уже стоял там. С пустыми глазами...;Отведи Героя в сторону.{2mm}<b>Предложи ему выбор</b>: ЛИБО он прямо сейчас и бессрочно впадает в Императивное поведение «Апатия» (станет безучастным овощем, и это не пройдет само), ЛИБО ты прямо сейчас на 15 секунд включишь Символ этого Поля. Выберет второе — так и сделай!;
1;Глубины;archeology/vineyard.jpg;Шкуродеры — узкие извилистые лазы в твердых породах — иногда способны истрепать нервы даже самым отчаянным смельчакам. Особенно если их длина составляет сотни и тысячи футов. Главным образом из-за того, что не знаешь, приведет этот шкуродер тебя в грот, или в тупик. Прохождение через него вызывает беспросветную тоску — ничего не видишь перед собой, кроме камня сверху, камня снизу, да ног впереди ползущего. А уж когда замыкающий цепочку  <i>[персонаж]</i> взволнованно крикнул: {quot}Нас сзади догоняет туман!{quot} — тут уже всем участникам экспедиции пришлось собрать все свое мужество, чтобы не впасть в панику. Ясно одно — надо ползти. Но как именно? Решительно и яростно, куда глаза глядят, лишь бы не догнал этот странный туман? Или впередиползущий должен зорко высматривать возможные отвилки, которые могут вести к большим гротам?<br/>У вас 15 секунд на решение, и пусть прораб начинает считать.;12;Быстро вперед!;{plus}{plus} за {gem_green}<br/>{plus} за {gem_red}<br/>{zero} за {gem_blue};12;Искать отвилки;{plus}{plus} за {gem_blue}<br/>{plus} за {gem_green}<br/>{zero} за {gem_red};Марш-бросок ползком, когда над головой нависают миллиарды тонн камня — очень сомнительное удовольствие, но результат того стоил! Очередной поворот вывел нас в просторный широкий грот, где мы смогли встать во весь рост, успокоиться и понять, что Фортуна сегодня явно нам благоволит!;Игроки получают 5 Находок + особый Бонус (выдай их Рассказчику).;Цепочка ползущих друг за другом всегда ползет со скоростью самого медленного участника. А если уж кто-то поддался эмоциям — пиши пропало. Волна холодного липкого тумана окружила наших героев, а когда туман схлынул, быстро проведенная перекличка показала — один из нас пропал!;Отведи Героя в сторону — он пропал и больше не участвует в экспедиции. Ему удастся чудом выбраться наверх лишь после ее окончания, когда остальная группа уйдет.{1mm}Скажи ему, что у него начался приступ Болезни, и если он НЕ купирует его (за 15 минут) — его Болезнь перейдет в следующую стадию.;
1;Глубины;archeology/vineyard.jpg;Долгий спуск вниз сменился штреком, идущим под уклоном вверх. После нескольких сотен футов подъема группа уперлась в большой камень, преграждавший дорогу. Поплевав на руки, рабочие взялись за кирки, но после первых же ударов камень угрожающе заскрипел и покатился вниз по склону. Двое рабочих, не успевших отскочить в сторону, были размазаны в лепешку, а валун, набирая скорость, несся дальше. Большинство участников успели спрятаться в небольшие отнорки и отделались легким испугом. Однако <i>[персонаж]</i> до последнего надеялся только на свои быстрые ноги, в результате чего камень все-таки догнал его. К счастью для нашего товарища, он почти не пострадал — в последний момент он впрыгнул в узкую нишу, и удар многотонного валуна приняли на себя стены пещеры. Но он оказался там намертво замурован, и теперь нам предстоит решить, как вызволить его оттуда? Подбадривая рабочих своей энергией, взяться за кирки и мотыги и раскрошить камень в мелкое крошево? Или, сохраняя ледяное спокойствие, применить все наши инженерные навыки и разрушить его с помощью пикриновой кислоты?;12;Разломать валун;{plus}{plus} за ЛЮБОЕ Оборудование<br/>{plus} за {gem_red} {gem_green}<br/>{zero} за {gem_blue};7;Взорвать валун;{plus}{plus} за «Надежная техника»<br/>{plus} за {gem_green} {gem_blue}<br/>{minus} за {gem_red};Мы дружно издали торжествующий крик, когда наш товарищ был освобожден из каменного плена. Но наша радость стала еще больше, когда он указал нам на разрушившуюся от удара камня стенку, за которой нашлось настоящее сокровище!;Игроки получают 5 Находок + особый Бонус (выдай их Рассказчику).;Результат наших действий можно было охарактеризовать двумя словами: {quot}Не рассчитали{quot}. Мы, конечно, вытащили нашего окровавленного товарища из ниши, но он был настолько посечен осколками камней, что всем было очевидно — дальше его придется нести на руках, и если он и может нам как-то помочь, то разве что добрым словом.;Герой <b>получает Ранение</b>, его нельзя отменить Проверкой. Он больше не может участвовать в экспедиции (бросать Камни в мешок для разрешения ситуаций), но может участвовать в обсуждении наравне с остальными.;
1;Глубины;archeology/vineyard.jpg;Пальцы руководителя экспедиции подрагивали, перемещаясь по карте участка, от перехода к переходу, от зала к залу… Двое рабочих, постоянно перебивая друг друга, указывали на пятно на потолке грота и о чем-то ожесточенно спорили… Прораб продолжал методично биться головой о каменную стену, а я бессмысленно крутил в руках сэндвич, не понимая, куда изчезает его вторая, третья и четвертая стороны... Лишь когда в руках <i>[персонажа]</i> с шипением зажегся шнур динамитной шашки, у меня промелькнула судорожная догадка... Мы что-то делаем НЕ ТАК !!{2mm}Ну же? Собрать волю в кулак? Или включить уже мозги и придти в себя?;12;Волю в кулак;{plus}{plus} за {gem_green}<br/>{plus} за {gem_blue} <br/>{minus} за {gem_red};12;Включить мозги;{plus}{plus} за {gem_blue}<br/>{plus} за {gem_green} <br/>{minus} за {gem_red};Сбросив наваждение, я подскочил к <i>[персонажу]</i>, выхватил из его рук динамитную шашку и откинул ее в сторону каменной стенки, сложенной из мелкого булыжника. Взрыв, град камней, облако пыли — и изумленные глаза всех остальных участников экспедиции. ЧТО ЭТО БЫЛО?!{1mm}Впрочем, не важно! Ведь за разрушенной стенкой обнаружилась ниша, в которой...;Игроки получают 5 Находок + особый Бонус (выдай их Рассказчику).;Стороны сэндвича продолжали ускользать от меня, и я вращал его всё быстрее. И в тот момент, когда верх и низ поменялись местами, все встало на свои места! А вслед за этим раздался взрыв…;Отведи Героя в сторону.{1mm}Он <b>получает Ранение</b>, которое нельзя отменить Проверкой. В этой экспедиции он более <b>НЕ может быть Рассказчиком</b>.{1mm}Кроме того, он <b>полностью оглох и ослеп</b>, и будет таким, пока его Ранение не обработает доктор.;
1;Глубины;archeology/vineyard.jpg;Трещина в земле уходит, кажется, на бесконечную глубину. Дна не видно. Рабочие, навешивающие веревки, инстинктивно держатся подальне от края и вздрагивают всякий раз, когда неосторожное движение отзывается многократным эхом… Мы заглядываем через край, пытаясь высветить дно лучом электрического фонаря. Столб света теряется вдалеке, не достигнув своей цели. Это конец... Финальная точка нашего путешествия. Отсюда у нас есть только один путь: собрать в кулак всю свою волю и решимость, все наши умения, использовать веревки и страховку — и спуститься вниз, страхуя друг друга. Никаких разговоров, никаких лишних мыслей — только воля, взаимопомощь и чувство локтя. Это будет тяжело. Это будет самое сложное, что мы когда либо делали в экспедициях. Но нет, мы не отступим! Тем более что <i>[персонаж]</i> уже подхватил конец веревки и первым начал долгий спуск вниз, прямиком в черную бездну...;15;Спуск вниз;{plus}{plus} за {gem_green} и «Спасательное снаряжение»<br/>{plus} за {gem_red}<br/>{minus} за {gem_blue};2;;{plus} за <br/>{minus} за <br/>{zero} за ;Решительная, слаженная работа дала свои плоды! Мы сумели спуститься на самое дно, и я первым ступил на древний, покрытый пылью пол. Перед моими глазами стоял старинный сундук, окованный потемневшим от времени металлом…;Игроки получают 5 Находок + особый Бонус (выдай их Рассказчику).;Слаженный спуск закончился в тот момент, когда силы покинули нас. Больше не было группы решительных и помогающих друг другу исследователей, но была лишь кучка людей, повисших над бездной и отчаянно вцепившихся в веревки. Каждый сам за себя — и многие из нас сумели подняться обратно. Кроме того, кто спустился дальше всех — и имел глупость рассчитывать на нашу помощь...;Отведи Героя в сторону. {1mm}Он <b>Ранен и больше не может участвовать в экспедиции</b>.{1mm}Ему удастся чудом выбраться наверх лишь после ее окончания, когда остальная группа уйдет…;
1;Глубины;archeology/vineyard.jpg;Над уходящей вглубь земли расщелиной рабочии соорудили подъемник и спустились вниз, достав бесценные находки. Они были уже почти у самого верха, когда оборвался канат — подъемник накренился и рабочие полетели в бездну. Их крик, казалось, длился целую вечность, пока не оборвался глухим ударом. Вздохнув, бесстрашный <i>[персонаж]</i> ухватился за веревку и потянулся за мешком, не подозревая, что веревка эта не была закреплена... И вот он повис над бездной, цепляясь за остатки подъемника. Под его весом доска пошла вверх — и теперь мы можем, подстраховав друг друга, дотянуться до мешка... Или мы можем спасать нашего товарища — но в такой ситуации мешок с находками упадет вниз. Поддадимся ли мы эмоциям и поступим по совести? Или внемлем доводам разума и спасем ценности, за которые уже было заплачено жизнями рабочих? Нам не нужно озвучивать этот выбор — каждый сделает его для себя сам, когда потянется за мешком или бросится на помощь <i>[персонажу]</i>.;5;Спасение коллеги {space}{space}{space}{space}{space}{space}ЛИБО;{plus} за {gem_red} и «Спас. снаряжение»<br/>{minus} за {gem_blue}<br/>{zero} за {gem_green};-3;Спасение находок;{plus} за {gem_red} и «Спас. снаряжение»<br/>{minus} за {gem_blue}<br/>{zero} за {gem_green};Что сделано — то сделано. Каждый из нас принял свое решение, и сумма наших усилий привела к этому исходу. Жалеть уже поздно и глупо…;Если <b>успешно «спасение находок» — то игроки получают 5 Находок + особый Бонус</b> (выдай их Рассказчику), а <b>для Героя — срабатывает секция «Провал»</b>.{1mm}Если же <b>успешно «спасение коллеги» — Герой спасен</b>, но <b>участок НЕ пройден и находки НЕ получены</b>.;Мы не смогли принять общего решения, и лишь бестолково толкались у края бездны, мешая другу другу. А потом руки у нашего товарища разжались и он полетел вниз вместе с находками…;Отведи Героя в сторону. {1mm}Он <b>Ранен и больше не может участвовать в экспедиции</b>.{1mm}Ему удастся чудом выбраться наверх лишь после ее окончания, когда остальная группа уйдет…;
1;Глубины;archeology/vineyard.jpg;Мы вели работы на самом глубоком уровне — и оставалось лишь пробить древнюю стенку, сложенную из грубого камня, когда прибежал испуганный прораб. По его сбивчивым крикам удалось понять, что в соседнем зале произошел прорыв грунтовых вод, и теперь яростный поток воды стремительно заливал нажние ярусы. Впрочем, достаточно было взглянуть под ноги, чтобы все стало ясно без лишних слов — вода и в самом деле прибывала. Ситуация была критическая, и потому отважный <i>[персонаж]</i> без лишних слов бросился в соседний зал, чтобы помочь рабочим приладить и удержать щит и выиграть нам некоторое время. А нам предстояло решить: навалиться ли всем вместе, со всей яростью, на каменную стенку, чтобы быстрее пробить ее, пока нас не затопило. Или же принять волевое решение и отправить еще часть людей на борьбу с прибывающей водой, чтобы выиграть больше времени для работ здесь... Что уж тут говорить, нам предстояло нелегкое испытание, возможно самое нелегкое из всех, что мы преодолевали до этого дня...;15;Ломаем стенку!;{plus}{plus} за {gem_red}<br/>{plus} за {gem_green} и «Надежная техника»<br/>{minus} за {gem_blue};15;Надо сдержать воду!;{plus}{plus} за {gem_green}<br/>{plus} за {gem_red} и «Надежная техника»<br/>{minus} за {gem_blue};Слаженными усилиями мы предотвратили катастрофу, успели пробить стенку и вынести ценности из заливаемого водой зала. Уходить пришлось по грудь в воде — но достигнутый нами результат явно того стоил…;Игроки получают 5 Находок + особый Бонус (выдай их Рассказчику).;Наши усилия не увенчались успехом… Вода успела подняться сперва по пояс, а потом по грудь — но каменная стенка не поддавалась нашим усилиям. И наконец мы решили сдаться и отступить… Лишь много позже, уже находясь в безопасности, мы заметили, что один из нас пропал...;Отведи Героя в сторону. {1mm}Он <b>больше не может участвовать в экспедиции</b>.{1mm}В конце экспедиции, когда остальная группа уйдет, ему удастся чудом выбраться наверх и у него <b>начнется Приступ Болезни</b>.;
1;Возвращение;archeology/vineyard.jpg;Заранее навесить и закрепить веревки на сложном, круто уходяшем вверх подъеме было правильной идеей. Однако экспедиции были бы просто увеселительной прогулкой, если бы в них все и всегда шло по плану. Тысячи мелочей, нелепостей и случайностей подстерегают экспедицию на ее пути к цели — и становятся преградой во время ее возвращения назад. Трудно сказать, что именно произошло в этот раз — но наши веревки бесформенной кучей лежали внизу, у самого основания отвесной стены. Пути назад не было. Выругавшись, <i>[персонаж]</i> попытался зацепиться за каменную стену, собираясь подняться наверх. Мы замерли внизу, понимая, что от нас сейчас не зависит ничего — вся наша воля, смекалка или эмоции были бесполезны для нашего товарища, и ему оставалось надеяться только на свою волю или отчаянный боевой дух. Эх, если бы у нас было спасательное снаряжение... Что же выберет наш герой? Положится ли он на силу воли или силу духа?;2;Сила воли;{plus}{plus} за  {gem_green}<br/>{plus} за {gem_red} и «Спас. снаряжение»<br/>{zero} за {gem_blue};2;Сила духа;{plus}{plus} за  {gem_red}<br/>{plus} за {gem_green} и «Спас. снаряжение»<br/>{zero} за {gem_blue};Нашему товарищу удалось подняться до самого верха, и спустя короткое время он закрепил и сбросил нам запасную веревку. Это было последнее испытание на нашем пути — и вскоре впереди показался долгожданный выход.;Игроки <b>благополучно вернулись</b>, экспедиция окончена.;Порой, успех или провал целого предприятия зависит от силы духа и волевых качеств одного единственного человека. И горе им, когда эти силы подводят его! Неосторожное движение, секунда судорожной борьбы с неизбежным — и наш товарищ полетел вниз с высоты в десяток ярдов. Что ж, этот путь возвращения для нас закрыт — и нам придется возвращаться по другому, более опасному маршруту...;Герой <b>получает Ранение</b>.{1mm}Экспедиция <b>НЕ смогла вернуться</b> и должна найти иной путь!;
1;Возвращение;archeology/vineyard.jpg;Возвращение казалось бесконечным… Сказывалась усталось, накопившаяся за время нашего путешествия, полумрак подземелий и монотонный шум капель воды. Туннели тянулись один за другим, пересекаясь и переплетаясь между собой, тени складывались в причудливые узоры... Только тут до нас начало доходить, что генератор наверху заглох, и мы идем в полной темноте, разрываемой лишь светом наших фонарей. Уставший <i>[персонаж]</i> шел впереди группы, торопясь скорее попасть домой, к натопленному камину, горячей воде и бутылочке крепкого.<br/>Едины ли мы и готовы ли разделить опасности и тяготы друг с другом? Или мы сильны нашими волей и разумом, и главное для нас никогда не поддаваться эмоциям?.. Линии, наконец, сложились воедино — и наш товарищ оказался к ним ближе всего. Волна смертельного холода и ужаса покатилась по туннелю, ударив в человека...;3;Мы едины, разделим;{plus} за {gem_red}<br/>{zero} за {gem_green} {gem_blue};3;Воля и разум!;{plus} за {gem_green} {gem_blue}<br/>{minus} за {gem_red};Краткий миг, волна пронзительного холода, сжимающего сердце — и наваждение пропало. Рассыпалось, словно капли воды, осыпающиеся с плаща, когда его владелец зябко передергивает плечами. Мы продолжили путь, и более ничто не мешало нам достичь выхода…;Игроки <b>благополучно вернулись</b>, экспедиция окончена.;Наш товарищ на секунду остолбенел. А потом за его спиной раздался жуткий, безумный крик перепуганных рабочих. Мужики бросились назад, топча друг друга, и едва не сбив нас. Нас спасло только то, что мы бежали почти так же быстро... Что ж, этот путь возвращения для нас закрыт — и нам придется возвращаться по другому, более опасному маршруту...;Герой должен <b>немедленно пройти</b> Проверку «Защита от Символа», как будто увидел <b>Символ с Красным, Синим и Зеленым</b> светодиодами.{1mm}Экспедиция <b>НЕ смогла вернуться</b> и должна найти иной путь!;
1;Возвращение;archeology/vineyard.jpg;Впереди послышался крик — а потом показались рабочие, отправленные вперед. Двое бежали и орали от ужаса, третий старался не отстать от них, припадая на одну ногу. Прораб выругался и собирался уже строго спросить мужиков, о каком-таком дьяволе и порождении ада они вопят, когда в конце туннеля показалась пара глаз. Они горели жаждой крови и убийств — и только теперь мы заметили, что у третьего рабочего штанина давно уже стала отчетливо темной. Это было заметно даже в полумраке туннеля, не смотря на всю грязь и пыль вокруг... А тварь меж тем оказалась совсем близко — и теперь от остальной группы ее отделял только <i>[персонаж]</i>, столь некстати оказавшийся впереди... По рядам рабочих прокатилась паника — еще миг, и они обратятся в бегство и тогда мы все станем легкой добычей! Следует ли нам твердо отдать приказ «стоять!», пресечь панику и встретить угрозу лицом к лицу, как мужчины? Или нам следует, пока еще для этого есть краткий миг, заорать от ярости и самим кинуться в атаку?;4;Стоять! Без паники!;{plus}{plus} за  {gem_green}<br/>{plus} за {gem_red}<br/>{zero} за {gem_blue};4;В атаку!;{plus}{plus} за  {gem_red}<br/>{plus} за {gem_green}<br/>{zero} за {gem_blue};Бешеная собака, невесть как забравшаяся в туннели, не знала страха. Как и мы! Десяток мужчин с кирками и лопатами просто смял опасную тварь и рванул к выходу!.. Нас никто не преследовал…;Игроки <b>благополучно вернулись</b>, экспедиция окончена.;Хриплый вой прокатился под сводами — и наш герой внезапно понял, что стоит против чудовищного бешеного пса в гордом одиночестве. Вдалеке звучали наши стремительно удаляющиеся шаги, и мы уже не горели желанием ни возвращаться этим путем, ни узнать, что случилось с нашим товарищем!..;Отведи героя в сторону. Он <b>может выхватить пистолет и расстрелять барабан</b>. Сделает <b>ТРИ выстрела БЕЗ осечек</b> подряд — и он <b>избежит Ранения</b>. А <b>иначе — будет Ранен</b>.{1mm}А экспедиция <b>НЕ смогла вернуться</b> и должна найти иной путь!;
1;Возвращение;archeology/vineyard.jpg;Шаткие мостки, соединявшие противоположные концы широкой трещины, не пережили нашего путешествия и сейчас лежали где-то на самом ее дне. Не могло быть и речи, чтобы пересечь это место без наведенной переправы, и время уже поджимало нас. Однако рабочие, кажется, были иного мнения. Побросав вещи, они уселись прямо на пол, достали свой скудный обед и, кажется, собрались пустить по кругу бутылочку. В таком состоянии, если мы сейчас позволим им расслабиться — то застрянем здесь очень надолго! Нужно что-то решать, и решать быстро — потому <i>[персонаж]</i> направился прямо к рабочим, а у вас выдалась минутка на подумать, как же лучше всего разрешить эту ситуацию. Использовать свою голову и комплект спасательного снаряжения, чтобы быстро починить переправу самим. Или же решительно пресечь самовольный перекур и угрожать штрафами за употребление бухла в рабочее время...;2;Сделать все самим;{plus}{plus} за «Спас. снаряжение»<br/>{plus} за {gem_blue}<br/>{zero} за {gem_red} {gem_green};2;Пресечь перекур рабочих;{plus}{plus} за «Трезвые рабочие»<br/>{plus} за {gem_green}<br/>{zero} за {gem_red} {gem_blue};По правде говоря, это оказалось не сложно. Вернуться хотели все — и в скорости новая переправа, пусть и рискованная, была подготовлена. Пройдя сложный участок, мы уже без особых проблем и задержек достигли выхода на поверхность…;Игроки <b>благополучно вернулись</b>, экспедиция окончена.;То ли сказалась усталость, то ли мы просто исчерпали на сегодня все наши запасы удачи — но наши усилия не дали результата. И если остальные восприняли это философски, то нашего товарища, первым пошедшего решать проблему, это додавило окончательно. Что ж, получается, что нам никак не пройти это место — и придется возвращаться по более опасному маршруту...;Герой <b>теряет</b> оставшиеся в мешке Камни.{1mm}Экспедиция <b>НЕ смогла вернуться</b> и должна найти иной путь!;
1;Возвращение;archeology/vineyard.jpg;Раздался подозрительный хруст — и опорная балка треснула, брызнув во все стороны щепой и земляной крошкой. Каким-то совершенно нечеловеческим способом <i>[персонаж]</i>, оказавшийся ближе всего к месту аварии, успел подхватить пошатнувшуюся конструкцию, не позволяя сводам осесть. Рабочие метнулись за запасной балкой, находившейся за поворотом туннеля, а перед каждый из нас, кроме нашего героя, поневоле, встал выбор. Помочь ли нам нашему коллеге, решительно встав рядом с ним и разделив весь риск и опасность. Или бросить все и попытаться проскочить опасное место, оставив его одного! Каждый из нас, кто решит помочь — сможет положить лишь ОДИН камень в общее дело И разделит судьбу героя — но получится ли величественный собор или груда руин — вот в чем вопрос. Время решать, кто помогает, а кто — спасает себя!;3;Помогать!;{plus} за {gem_red} {gem_green}<br/>{zero} за {gem_blue}{2mm}Каждый игрок НЕ более одного Камня!;;Спасать себя;Выбирает любой, кто не кладет Камень;Наших усилий оказалось достаточно — мы чудом удержали балку, и это было словно удерживать на плечах всю тяжесть небесного свода. Подоспевшиеся рабочие подперли потолок запасным брусом — и только тогда мы смогли благополучно выбраться на поверхность и завершить наше путешествие, едва не закончившееся трагедией в самом своем конце...;Игроки <b>благополучно вернулись</b>, экспедиция окончена.;Порой, заминка и колебания одного человека дорого обходятся остальным. Балка выскользнула из рук нашего товарища — и уже ничто не удерживало своды туннеля. В самый последний момент мы выскочили из-под обвала, только чтобы убедиться: этот путь теперь был для нас закрыт — и нам придется возвращаться по более опасному маршруту...;<b>ВСЕ, кто участвовал —  Избиты</b>.{1mm}Экспедиция <b>НЕ смогла вернуться</b> и должна найти иной путь!;
