print;tradition_text;location_rule;ability_text;deny_remark;font_family;font_size;line_height;
0;;Рукописи не горят! <b>Нельзя</b> уничтожать никакие документы! А еще из Библиотеки <b>нельзя</b> выносить конверты с крипто-задачами! Можно выносить содержимое конвертов, если удалось до него добраться. Но помни, что некоторые конверты могут запретить и это!{3mm}<small>{right}Загадочная надпись на стене</span></small>;;Это — напоминание <b>правила игры</b>. Оно для ВСЕХ игроков, и его нельзя нарушать.;Majestic X;16; 1.2;2
0;;Вниманию посетителей. Сегодня и всегда в спикизи у Салливана можно восстановить вкус к жизни и чувство общности с людьми! Каждый, кто выпьет стопку в компании хотя бы троих пьющих виски — получит 1 Красненький.{3mm}<small>{right}Джон Салливан</span></small>;;Это — напоминание <b>правила игры</b>. Оно для ВСЕХ игроков, и его нельзя нарушать.;KursivC;16; 1.2;4
0;;<b>НЕЛЬЗЯ</b> красть деньги и вещи, принадлежащие нашему заведению! Уважайте наш труд и частную собственность! Спасибо за понимание.{3mm}<small>{right}Владелец</span></small>;;Это — напоминание <b>правила игры</b>. Оно для ВСЕХ игроков, и его нельзя нарушать.;KursivC;17; 1.2;6
0;;Если ты не Апостол — ты уже не можешь отсюда выйти!{3mm}{3mm}{3mm}звони мастерам, мы придем за тобой и разъясним, куда ты попал!{3mm}<small>{right}...</span></small>;;Это — <b>особое правило игры</b>, и оно ОБЯЗАТЕЛЬНО к исполнению!;Rurintania;18; 1.1;2
0;;С этого момента ты забываешь ВСЕ, что с тобой было до этого.;;Это — <b>особое правило игры</b>, и оно ОБЯЗАТЕЛЬНО к исполнению!;Marta Decor Two;42; 1.1;2
0;;При взломе этого замка «по-умному» ты должен СБРАСЫВАТЬ вытащенные тобой Камни, вместо того, чтобы возвращать их в свой мешок.;;Это — <b>особое правило игры</b>, и оно ОБЯЗАТЕЛЬНО к исполнению!;KursivC;16; 1.2;0
0;;Если <b>работник Почты</b> спрашивает твое имя зпт ты <b>НЕ МОЖЕШЬ</b> назваться чужим именем. Мы вас всех давно помним в лицо!{3mm}<small>{right}Начальник Почты</span></small>;;Это — <b>особое правило игры</b>, и оно ОБЯЗАТЕЛЬНО к исполнению!;B52;14; 1.2;2
0;;А здесь, пожалуй, можно было бы проводить сеансы Гипноза и погружать пациентов в мир их подсознания и бессознательного...{3mm}<small>{right}Зигмунд Фрейд</span></small>;;;Nautilus Pompilius;18; 1.2;4
0;;;Что происходит?!.. ААААА! Ты сам погрузился в транс, и твой Сеанс будет вести доктор Посли!{3mm}{3mm}Ты попадаешь на ту страницу Коллективного Бессознательного, куда должен был попасть он.;;Segoe Print;14; 1.2;0
0;;;Если ты отыгрываешь труп, и недавно пробил колокол — Диана Бейли может тебе приказывать.{3mm}{3mm}Если она зовет тебя по имени и говорит, куда двигаться — тихонько ползи туда. НИЧЕГО НЕ говори и НЕ делай, кроме перемещения!;Этому правилу подчиняются ВСЕ, кто умер и сейчас отыгрывает труп.;Segoe Print;12; 1.2;0
0;;;Ты назвался мужчиной — теперь ты обязан помочь этой женщине в том, о чем она просит!;Ты можешь НЕ подчиниться, сбросив из мешка 3 Зеленых Камня и ВСЕ Красные.;KursivC;19; 1.2;0
0;;;Ты не мужчина — а раз так…  честно, точно и кратко ответь этой женщине на ОДИН вопрос.;Ты можешь НЕ подчиниться, сбросив из мешка 3 Зеленых Камня и ВСЕ Красные.;KursivC;20; 1.2;0
0;;&nbsp{semi}&nbsp{semi}&nbsp{semi}Мастерка;;Хотите зайти? Пожалуйста, сначала постучите и дождитесь разрешения. Вдруг у нас там секс или обсуждаем сюжет!<br/>Есть вопрос? Подумайте хотя бы минутку сами. Возможно, ответ есть в правилах, или является игровой информацией.;Marta Decor Two;72; 1.2;2
0;;Цены на лекарства (за бутылку):{3mm}* Эфир — 300${3mm}* Ацетилсалициновая кислота — 200${3mm}* Кофеин— 400${3mm}* Морфий — 500${3mm}* Камфора— 750${3mm}* Кокаин— 1000${3mm}<small>{right}Не болейте!</span></small>;;;Nautilus Pompilius;15; 1.2;
0;;Стартовая цена на товары:{3mm}* Отличная Сигара — 100${3mm}* Бутылка Виски (два сорта) — 100${3mm}* Коробка патронов— 200${3mm}* Аспирин, Кофеин, Эфир — 700${3mm}* Роскошь (1 бутылка) — 1000$</span></small>;;;Nautilus Pompilius;15; 1.2;
0;В этом доме не принято отказываться от участия в трапезе;;;Обитатель локации может <b>НАСТОЯТЬ</b> на соблюдении традиции, сбросив из мешка <b>1 Зеленый или Желтый</b> Камень.<br/>Ты можешь <b>НЕ подчиниться</b> (сказать «НЕТ!»), сбросив из мешка <b>1 Зеленый или Желтый</b> Камень.<br/>;Nautilus Pompilius;20; 1.2;0
0;Если хозяин говорит {quot}собирай вещи и уходи{quot} — собери ВСЕ свои вещи и выйди на улицу;;;Обитатель локации может <b>НАСТОЯТЬ</b> на соблюдении традиции, сбросив из мешка <b>1 Зеленый или Желтый</b> Камень.<br/>Ты можешь <b>НЕ подчиниться</b> (сказать «НЕТ!»), сбросив из мешка <b>1 Зеленый или Желтый</b> Камень.<br/>;Nautilus Pompilius;20; 1.2;0
0;Здесь не принято перебивать выступающего;;;Обитатель локации может <b>НАСТОЯТЬ</b> на соблюдении традиции, сбросив из мешка <b>1 Зеленый или Желтый</b> Камень.<br/>Ты можешь <b>НЕ подчиниться</b> (сказать «НЕТ!»), сбросив из мешка <b>1 Зеленый или Желтый</b> Камень.<br/>;Nautilus Pompilius;25; 1.2;0
0;Если тебе предложили совершить совместное возлияние или возлечь — сделай это!;;;Обитатель локации может <b>НАСТОЯТЬ</b> на соблюдении традиции, сбросив из мешка <b>1 Зеленый или Желтый</b> Камень.<br/>Ты можешь <b>НЕ подчиниться</b> (сказать «НЕТ!»), сбросив из мешка <b>1 Зеленый или Желтый</b> Камень.<br/>;Nautilus Pompilius;20; 1.2;0
0;Здесь принято оставлять оружие на веранде;;;Обитатель локации может <b>НАСТОЯТЬ</b> на соблюдении традиции, сбросив из мешка <b>1 Зеленый или Желтый</b> Камень.<br/>Ты можешь <b>НЕ подчиниться</b> (сказать «НЕТ!»), сбросив из мешка <b>1 Зеленый или Желтый</b> Камень.<br/>;Nautilus Pompilius;25; 1.2;0
0;В этом доме принято прямо называть своих обидчиков;;;Обитатель локации может <b>НАСТОЯТЬ</b> на соблюдении традиции, сбросив из мешка <b>1 Зеленый или Желтый</b> Камень.<br/>Ты можешь <b>НЕ подчиниться</b> (сказать «НЕТ!»), сбросив из мешка <b>1 Зеленый или Желтый</b> Камень.<br/>;Nautilus Pompilius;25; 1.2;0
0;Если старший начал говорить: замолчи, сядь и слушай его;;;Обитатель локации может <b>НАСТОЯТЬ</b> на соблюдении традиции, сбросив из мешка <b>1 Зеленый или Желтый</b> Камень.<br/>Ты можешь <b>НЕ подчиниться</b> (сказать «НЕТ!»), сбросив из мешка <b>1 Зеленый или Желтый</b> Камень.<br/>;Nautilus Pompilius;25; 1.2;0
0;Отсюда не принято уходить без покупки: хоть что-нибудь стоит купить;;;Обитатель локации может <b>НАСТОЯТЬ</b> на соблюдении традиции, сбросив из мешка <b>1 Зеленый или Желтый</b> Камень.<br/>Ты можешь <b>НЕ подчиниться</b> (сказать «НЕТ!»), сбросив из мешка <b>1 Зеленый или Желтый</b> Камень.<br/>;Nautilus Pompilius;20; 1.2;0
0;Если в этом доме высказывается мнение: либо согласись с ним, либо детально выскажи своё;;;Обитатель локации может <b>НАСТОЯТЬ</b> на соблюдении традиции, сбросив из мешка <b>1 Зеленый или Желтый</b> Камень.<br/>Ты можешь <b>НЕ подчиниться</b> (сказать «НЕТ!»), сбросив из мешка <b>1 Зеленый или Желтый</b> Камень.<br/>;Nautilus Pompilius;20; 1.2;0
0;В этом доме принято платить свои долги;;;Обитатель локации может <b>НАСТОЯТЬ</b> на соблюдении традиции, сбросив из мешка <b>1 Зеленый или Желтый</b> Камень.<br/>Ты можешь <b>НЕ подчиниться</b> (сказать «НЕТ!»), сбросив из мешка <b>1 Зеленый или Желтый</b> Камень.<br/>;Nautilus Pompilius;25; 1.2;0
0;В этом доме принято давать добрые и полезные советы;;;Обитатель локации может <b>НАСТОЯТЬ</b> на соблюдении традиции, сбросив из мешка <b>1 Зеленый или Желтый</b> Камень.<br/>Ты можешь <b>НЕ подчиниться</b> (сказать «НЕТ!»), сбросив из мешка <b>1 Зеленый или Желтый</b> Камень.<br/>;Nautilus Pompilius;25; 1.2;0
0;Соблюдайте тишину в библиотеке!;;;Обитатель локации может <b>НАСТОЯТЬ</b> на соблюдении традиции, сбросив из мешка <b>1 Зеленый или Желтый</b> Камень.<br/>Ты можешь <b>НЕ подчиниться</b> (сказать «НЕТ!»), сбросив из мешка <b>1 Зеленый или Желтый</b> Камень.<br/>;Nautilus Pompilius;25; 1.2;0
0;В этом доме принято приносить в жертву самое дорогое;;;Обитатель локации может <b>НАСТОЯТЬ</b> на соблюдении традиции, сбросив из мешка <b>1 Зеленый или Желтый</b> Камень.<br/>Ты можешь <b>НЕ подчиниться</b> (сказать «НЕТ!»), сбросив из мешка <b>1 Зеленый или Желтый</b> Камень.<br/>;Nautilus Pompilius;25; 1.2;0
0;В этом доме принято рассказывать о своём деле обстоятельно и не торопясь, уточняя и повторяя, если просят;;;Обитатель локации может <b>НАСТОЯТЬ</b> на соблюдении традиции, сбросив из мешка <b>1 Зеленый или Желтый</b> Камень.<br/>Ты можешь <b>НЕ подчиниться</b> (сказать «НЕТ!»), сбросив из мешка <b>1 Зеленый или Желтый</b> Камень.<br/>;Nautilus Pompilius;20; 1.2;0
0;В этом доме принято принимать брошенный вызов;;;Обитатель локации может <b>НАСТОЯТЬ</b> на соблюдении традиции, сбросив из мешка <b>1 Зеленый или Желтый</b> Камень.<br/>Ты можешь <b>НЕ подчиниться</b> (сказать «НЕТ!»), сбросив из мешка <b>1 Зеленый или Желтый</b> Камень.<br/>;Nautilus Pompilius;25; 1.2;0
0;В этом доме принято рассказывать о своих подвигах и свершениях;;;Обитатель локации может <b>НАСТОЯТЬ</b> на соблюдении традиции, сбросив из мешка <b>1 Зеленый или Желтый</b> Камень.<br/>Ты можешь <b>НЕ подчиниться</b> (сказать «НЕТ!»), сбросив из мешка <b>1 Зеленый или Желтый</b> Камень.<br/>;Nautilus Pompilius;25; 1.2;0
0;В этом доме принято подписывать петицию, которую тебе предлагают;;;Обитатель локации может <b>НАСТОЯТЬ</b> на соблюдении традиции, сбросив из мешка <b>1 Зеленый или Желтый</b> Камень.<br/>Ты можешь <b>НЕ подчиниться</b> (сказать «НЕТ!»), сбросив из мешка <b>1 Зеленый или Желтый</b> Камень.<br/>;Nautilus Pompilius;25; 1.2;0
0;Подчиняйся тем, кто сильнее и круче, делай то, что они говорят. Если нет возможности помериться силой — круче тот, у кого больше срок. ;;;Обитатель локации может <b>НАСТОЯТЬ</b> на соблюдении традиции, сбросив из мешка <b>1 Зеленый или Желтый</b> Камень.<br/>Ты можешь <b>НЕ подчиниться</b> (сказать «НЕТ!»), сбросив из мешка <b>1 Зеленый или Желтый</b> Камень.<br/>;Nautilus Pompilius;20; 1.2;0
0;В этом доме принято рассказывать познавательные и полезные истории;;;Обитатель локации может <b>НАСТОЯТЬ</b> на соблюдении традиции, сбросив из мешка <b>1 Зеленый или Желтый</b> Камень.<br/>Ты можешь <b>НЕ подчиниться</b> (сказать «НЕТ!»), сбросив из мешка <b>1 Зеленый или Желтый</b> Камень.<br/>;Nautilus Pompilius;25; 1.2;0
0;В этом доме принято делиться;;;Обитатель локации может <b>НАСТОЯТЬ</b> на соблюдении традиции, сбросив из мешка <b>1 Зеленый или Желтый</b> Камень.<br/>Ты можешь <b>НЕ подчиниться</b> (сказать «НЕТ!»), сбросив из мешка <b>1 Зеленый или Желтый</b> Камень.<br/>;Nautilus Pompilius;25; 1.2;0
0;;Downtown;;;Marta Decor Two;60; 1.2;
0;;<b>АИД:</b>{3mm}<b>Общие принципы:</b>{2mm}* Цветные  — восстанавливают свои Камни перед ПЕРВЫМ боем и ЗА ПОБЕДУ{2mm}* Цветные — за победу получают +1 к Лимиту своего цвета{2mm}* Любой сбитый в Самолетах, проигравший в Кораблях — РАНЕН{3mm}<b>Бой Цветных кораблей</b>{2mm}* Перед боем — по одному Свитку Слов Ультишь цвета команды на команду{3mm}<b>Бой Цветного и Черного кораблей</b>{2mm}* ПОБЕДА Цветных — Фальшфеер Ультимейта капитану{2mm}* Капитан победивших — делит 3 Желтых и 3 Больших марки (нельзя себе){2mm}* ПОБЕДИВШАЯ команда выходит из транса БЕЗ Ранений{3mm}<b>Бой Самолетов</b>{2mm}* Вылетевший за поле — НЕ ПОЛУЧАЕТ награды{2mm}* Сбитые самолеты противника приносят  желтый Камень{2mm}* Если сбил врага и сам уцелен — еще ОДИН Желтый Камень{2mm}* Камни меняются на награду, по очереди, по кругу. Награда на кону: {2mm}** Шесть спасенных от бомб домиков (на выбор){1mm}** Четыре Больших марки{1mm}** По одной прокачке любой боевой способности, без ограничений{2mm}* Нельзя взять ДВЕ одинаковых награды, но можно оставить себе Камни;;;Verdana;6.0;1.0;
0;В этом доме принято платить свои долги;;;Обитатель локации может <b>НАСТОЯТЬ</b> на соблюдении традиции, сбросив из мешка <b>1 Красный или Желтый</b> Камень.<br/>Ты можешь <b>НЕ подчиниться</b> (сказать «НЕТ!»), сбросив из мешка <b>1 Красный или Желтый</b> Камень.<br/>;Nautilus Pompilius;24; 1.2;0
0;В этом доме принято давать добрые и полезные советы;;;Обитатель локации может <b>НАСТОЯТЬ</b> на соблюдении традиции, сбросив из мешка <b>1 Красный или Желтый</b> Камень.<br/>Ты можешь <b>НЕ подчиниться</b> (сказать «НЕТ!»), сбросив из мешка <b>1 Красный или Желтый</b> Камень.<br/>;Nautilus Pompilius;24; 1.2;0
0;Если хозяин выгоняет тебя — собери все свои вещи и покинь дом;;;Обитатель локации может <b>НАСТОЯТЬ</b> на соблюдении традиции, сбросив из мешка <b>1 Красный или Желтый</b> Камень.<br/>Ты можешь <b>НЕ подчиниться</b> (сказать «НЕТ!»), сбросив из мешка <b>1 Красный или Желтый</b> Камень.<br/>;Nautilus Pompilius;24; 1.2;0
0;Здесь принято оставлять оружие на веранде;;;Обитатель локации может <b>НАСТОЯТЬ</b> на соблюдении традиции, сбросив из мешка <b>1 Красный или Желтый</b> Камень.<br/>Ты можешь <b>НЕ подчиниться</b> (сказать «НЕТ!»), сбросив из мешка <b>1 Красный или Желтый</b> Камень.<br/>;Nautilus Pompilius;24; 1.2;0
0;В этом доме принято искренне говорить о том, что далеко, но не отпускает;;;Обитатель локации может <b>НАСТОЯТЬ</b> на соблюдении традиции, сбросив из мешка <b>1 Красный или Желтый</b> Камень.<br/>Ты можешь <b>НЕ подчиниться</b> (сказать «НЕТ!»), сбросив из мешка <b>1 Красный или Желтый</b> Камень.<br/>;Nautilus Pompilius;24; 1.2;0
0;Если в этом доме высказывается мнение: либо согласись с ним, либо детально выскажи своё;;;Обитатель локации может <b>НАСТОЯТЬ</b> на соблюдении традиции, сбросив из мешка <b>1 Красный или Желтый</b> Камень.<br/>Ты можешь <b>НЕ подчиниться</b> (сказать «НЕТ!»), сбросив из мешка <b>1 Красный или Желтый</b> Камень.<br/>;Nautilus Pompilius;24; 1.2;0
0;Соблюдайте тишину в библиотеке;;;Обитатель локации может <b>НАСТОЯТЬ</b> на соблюдении традиции, сбросив из мешка <b>1 Красный или Желтый</b> Камень.<br/>Ты можешь <b>НЕ подчиниться</b> (сказать «НЕТ!»), сбросив из мешка <b>1 Красный или Желтый</b> Камень.<br/>;Nautilus Pompilius;24; 1.2;0
0;В этом доме принято приносить в жертву самое дорогое;;;Обитатель локации может <b>НАСТОЯТЬ</b> на соблюдении традиции, сбросив из мешка <b>1 Красный или Желтый</b> Камень.<br/>Ты можешь <b>НЕ подчиниться</b> (сказать «НЕТ!»), сбросив из мешка <b>1 Красный или Желтый</b> Камень.<br/>;Nautilus Pompilius;24; 1.2;0
0;В этом доме принято рассказывать о своей беде обстоятельно и не торопясь;;;Обитатель локации может <b>НАСТОЯТЬ</b> на соблюдении традиции, сбросив из мешка <b>1 Красный или Желтый</b> Камень.<br/>Ты можешь <b>НЕ подчиниться</b> (сказать «НЕТ!»), сбросив из мешка <b>1 Красный или Желтый</b> Камень.<br/>;Nautilus Pompilius;24; 1.2;0
0;В этом доме принято прямо называть своих обидчиков;;;Обитатель локации может <b>НАСТОЯТЬ</b> на соблюдении традиции, сбросив из мешка <b>1 Красный или Желтый</b> Камень.<br/>Ты можешь <b>НЕ подчиниться</b> (сказать «НЕТ!»), сбросив из мешка <b>1 Красный или Желтый</b> Камень.<br/>;Nautilus Pompilius;24; 1.2;0
0;В этом доме принято принимать брошенный вызов;;;Обитатель локации может <b>НАСТОЯТЬ</b> на соблюдении традиции, сбросив из мешка <b>1 Красный или Желтый</b> Камень.<br/>Ты можешь <b>НЕ подчиниться</b> (сказать «НЕТ!»), сбросив из мешка <b>1 Красный или Желтый</b> Камень.<br/>;Nautilus Pompilius;24; 1.2;0
0;В этом доме принято честно и со всей страстью говорить про политику;;;Обитатель локации может <b>НАСТОЯТЬ</b> на соблюдении традиции, сбросив из мешка <b>1 Красный или Желтый</b> Камень.<br/>Ты можешь <b>НЕ подчиниться</b> (сказать «НЕТ!»), сбросив из мешка <b>1 Красный или Желтый</b> Камень.<br/>;Nautilus Pompilius;24; 1.2;0
0;В этом доме принято рассказывать познавательные и полезные истории;;;Обитатель локации может <b>НАСТОЯТЬ</b> на соблюдении традиции, сбросив из мешка <b>1 Красный или Желтый</b> Камень.<br/>Ты можешь <b>НЕ подчиниться</b> (сказать «НЕТ!»), сбросив из мешка <b>1 Красный или Желтый</b> Камень.<br/>;Nautilus Pompilius;24; 1.2;0
0;В этом доме положено делиться с другими;;;Обитатель локации может <b>НАСТОЯТЬ</b> на соблюдении традиции, сбросив из мешка <b>1 Красный или Желтый</b> Камень.<br/>Ты можешь <b>НЕ подчиниться</b> (сказать «НЕТ!»), сбросив из мешка <b>1 Красный или Желтый</b> Камень.<br/>;Nautilus Pompilius;24; 1.2;0
0;;Чтобы взломать этот замок, тебе требуется вытащить НЕ ДВА, а ЧЕТЫРЕ Синих Камня в Проверке {quot}Взлом{quot}, ЛИБО успешно выполнить обычную Проверку  {quot}Взлом{quot} ТРИ раза подряд.;;Это — Особое правило данного места.;Nautilus Pompilius;17; 1.2;0
0;;<big><b>СПОСОБНОСТИ ПРОТЕКТОРОВ: ЛОРД ПРОТЕКТОР ФОССЕТ</b></big>{3mm}<big><b>ДВЕ на простых  смертных:</b></big>{1mm}(Действуют ТОЛЬКО на тех, кто НЕ приносил Присягу){2mm}* По твоему приказу смертный обязан потерять ВСЕ свои Синие Камни из мешка{2mm}* Раз в цикл можешь запустить Пропаганду, чтобы твой Голос достучался до разума людей{3mm}<big><b>ТРИ как основа Власти:</b></big>{1mm}(Ничего не стоят, но имеют жесткие условия применения){2mm}* Можешь НИЗВЕРГНУТЬ в ничто ЛЮБОГО, кто принес Присягу или применил Синий Ульт{2mm}* Можешь принять Присягу у любого, кто еще НЕ приносил её и готов это сделать{2mm}* ВСЕ коты верны тебе{3mm}<big><b>ЧЕТЫРЕ для Верных Адептов</b></big>{1mm}(Действуют ТОЛЬКО на Присягнувшего, КАЖДОЕ применение стоит 1 Желтый Камень с Полей){2mm}* Можешь просто отдать этот Желтый Камень в мешок Верного Адепта{2mm}* Можешь восстановить своему Верному Адепту 9 Синих Камней (в том числе сверх лимита){2mm}* Можешь увеличить Синий лимит Верного Адепта на 1{2mm}* Можешь исцелить Верного Адепта от любых Ранений и Травм, ибо плоть — ничто, Разум — всё{3mm}<big><b>ОДНА ВАЖНЕЙШАЯ СПОСОБНОСТЬ: САМАЯ СУТЬ ПРОТЕКТОРА</b></big>{2mm}(Потеряна быть не может){2mm}* Полная физическая и метальная неуязвимость, даже к Ультимейтам{3mm} {2mm}Важно, что КАЖДАЯ твоя Способность привязана к Способности Верного Адепта. При расшатывании твоей Власти они теряются ПАРАМИ.;;;Nautilus Pompilius;6.0;1.0;
0;;<big><b>СПОСОБНОСТИ ПРОТЕКТОРОВ: АЛЫЙ КОРОЛЬ АРТУР</b></big>{3mm}<big><b>ДВЕ на простых  смертных:</b></big>{1mm}(Действуют ТОЛЬКО на тех, кто НЕ приносил Присягу){2mm}* По твоему приказу смертный обязан потерять ВСЕ свои Красные Камни из мешка{2mm}* Раз в цикл можешь запустить Пропаганду, чтобы твой Голос достучался до сердца людей{3mm}<big><b>ТРИ как основа Власти:</b></big>{1mm}(Ничего не стоят, но имеют жесткие условия применения){2mm}* Можешь НИЗВЕРГНУТЬ в ничто ЛЮБОГО, кто принес Присягу или применил Красный Ульт{2mm}* Можешь принять Присягу у любого, кто еще НЕ приносил её и готов это сделать{2mm}* ВСЕ змеедевы верны тебе{3mm}<big><b>ЧЕТЫРЕ для Верных Адептов</b></big>{1mm}(Действуют ТОЛЬКО на Присягнувшего, КАЖДОЕ применение стоит 1 Желтый Камень с Полей){2mm}* Можешь просто отдать этот Желтый Камень в мешок Верного Адепта{2mm}* Можешь восстановить своему Верному Адепту 9 Красных Камней (в том числе сверх лимита){2mm}* Можешь увеличить Красный лимит Верного Адепта на 1{2mm}* Можешь исцелить Верного Адепта от любых Ранений и Травм, ибо руки Короля — руки целителя{3mm}<big><b>ОДНА ВАЖНЕЙШАЯ СПОСОБНОСТЬ: САМАЯ СУТЬ ПРОТЕКТОРА</b></big>{2mm}(Потеряна быть не может){2mm}* Полная физическая и метальная неуязвимость, даже к Ультимейтам{3mm} {2mm}Важно, что КАЖДАЯ твоя Способность привязана к Способности Верного Адепта. При расшатывании твоей Власти они теряются ПАРАМИ.;;;Nautilus Pompilius;6.0;1.0;
0;;Из Обители Лорда-Протектора НЕЛЬЗЯ ничего забрать без личного разрешения Лорда-Протектора Фоссета, Дианы Голдман или Ньярли!<hr/>{1mm}Указанные персонажи могут своей волей вышвырнуть любого другого персонажа из Обители — тогда он уходит к реке и приходит в себя в доках.;;Это — <b>особое правило локации</b>. Оно для ВСЕХ игроков.;Nautilus Pompilius;15; 1.2;
0;;Из Обители Алого Короля НЕЛЬЗЯ ничего забрать без личного разрешения Алого Короля Артура или Леди Моргейн!<hr/>{1mm}Указанные персонажи могут своей волей вышвырнуть любого другого персонажа из Обители — тогда он уходит к реке и приходит в себя в доках.;;Это — <b>особое правило локации</b>. Оно для ВСЕХ игроков.;Nautilus Pompilius;15; 1.2;
0;;"В Обитель Повелителя Молний, Лорда-Протектора Фоссета <b>НИКОГДА</b> НЕ смогут войти:{2mm}* Алый Король Артур и Леди Моргейн;{2mm}* Любой, кто присягнул Алому Королю;{2mm}* Любой, кто использовал Красный Ультимейт;{2mm}* Змеедевы;{2mm}* Элизабет и Абигейл Паррис;{2mm}* Иосиф Сталин, Эдвард Тич и Дэнна Линч.";;Это — <b>особое правило локации</b>. Оно для ВСЕХ игроков.;Nautilus Pompilius; 12.5; 1.2;
0;;"В Обитель Подателя Радости, Алого Короля Артура <b>НИКОГДА</b> НЕ смогут войти:{2mm}* Лорд Фоссет, Диана Голдман и Ньярли;{2mm}* Любой, кто присягнул Лорду Фоссету;{2mm}* Любой, кто использовал Синий Ультимейт;{2mm}* Коты;{2mm}* Франклин, Джон Адамс, Томас Пейн;{2mm}* Уинстон Черчиль, Эдвард Тич и Дэнна Линч.";;Это — <b>особое правило локации</b>. Оно для ВСЕХ игроков.;Nautilus Pompilius; 12.5; 1.2;
0;;<big><div style='text-align: center'>Знание — сила!</div></big>{3mm}Приказываю тебе немедленно пойти читать Крипто-документы.{1mm}Читай, пока не расшифруешь и не прочтешь вслух хотя бы ТРИ таких документа, либо пока не потратишь на это ВСЕ свои душевные силы!;;Применение СТОИТ 9 Синих и действует на ЛЮБОГО, кроме Пяти Именованных. ;Nautilus Pompilius;16; 1.2;
0;;<big><div style='text-align: center'>Колдовская власть</div></big>{3mm}Ты общался со мной 15 минут — мне этого достаточно!{1mm}Теперь же ты обязан правдиво и полностью ответить на ОДИН ЛЮБОЙ мой вопрос!;;Применение СТОИТ 9 Синих и действует на ЛЮБОГО, кроме Пяти Именованных. ;Nautilus Pompilius;16; 1.2;
0;;<big><div style='text-align: center'>Тайна влечёт тебя!</div></big>{3mm}Я задам тебе один вопрос, имеющий конкретный ответ…{1mm}На ближайшие полтора часа поиск ответа на этот вопрос станет твоей навязчивой идеей и основным движущим мотивом!;;Применение СТОИТ 9 Синих и действует на ЛЮБОГО, кроме Пяти Именованных. ;Nautilus Pompilius;16; 1.2;
0;;<big><div style='text-align: center'>Пожирание памяти</div></big>{3mm}Сейчас я укажу тебе на один эпиход из твоей жизни длиною в 15 минут — и пожру его: ты полностью и НЕОБРАТИМО забудешь эти события.{1mm}Кроме того, одно из твоих Забытых Воспоминаний теперь моё — отдай его мне!;;Применение СТОИТ 9 Синих и действует на ЛЮБОГО, кроме Пяти Именованных. ;Nautilus Pompilius;16; 1.2;
0;;<big><div style='text-align: center'>Говори или умри!</div></big>{3mm}Я приказываю тебе прямо сейчас назвать имя одного из твоих сообщников, который есть в городе, но отсутсвует здесь — иначе ты навсегда впадёшь в Императивное Поведение: Безумие (и не сможешь заниматься осмысленной деятельностью).;;Применение СТОИТ 9 Синих и действует на ЛЮБОГО, кроме Пяти Именованных. ;Nautilus Pompilius;16; 1.2;
0;;<big><div style='text-align: center'>Как твоё имя?</div></big>{3mm}Ты обязан назвать мне своё НАСТОЯЩЕЕ имя — даже под маской тебе не укрыться от меня!;;Применение СТОИТ 9 Синих и действует на ЛЮБОГО, кроме Пяти Именованных. ;Nautilus Pompilius;16; 1.2;
0;;<big><div style='text-align: center'>Изгнание</div></big>{3mm}ВСЕ, кого я сейчас назову, обязаны покинуть сей дом! Вы сможете войти в него не ранее, чем через полтора часа, либо если получите моё прощение!;;Применение СТОИТ 9 Синих и действует на ЛЮБОГО, кроме Пяти Именованных. ;Nautilus Pompilius;16; 1.2;
0;;<big><div style='text-align: center'>Воззвание к памяти</div></big>{3mm}Прямо сейчас я восстаналиваю одно твоё случайное Забытое Воспоминание! Достать же его из глубин твоей памяти, прочитай вслух и разорви.;;Применение СТОИТ 9 Синих и действует на ЛЮБОГО, кроме Пяти Именованных. ;Nautilus Pompilius;16; 1.2;
0;;<big><div style='text-align: center'>Кара тысячи Солнц</div></big>{3mm}Я ослепляю тебя сиянием тысячи Солнц! 15 минут ты будешь гореть, корчиться и мычать от немыслимой боли — НЕ говорить, НЕ делать что-то еще ты НЕ можешь!;;Применение СТОИТ 9 Синих и действует на ЛЮБОГО, кроме Пяти Именованных. ;Nautilus Pompilius;16; 1.2;
0;;<big><div style='text-align: center'>Колдовская идея</div></big>{3mm}Желание, которое я вложу тебе, будет исполнимым и потребует яркого проявления эмоций. Оно НЕ ведёт к гибели, но захватит всё твоё внимание на ближайшие полтора часа, либо пока не будет исполнено.{1mm}Итак, внемли!..;;Применение СТОИТ 9 Красных и действует на ЛЮБОГО, кроме Пяти Именованных. ;Nautilus Pompilius;16; 1.2;
0;;<big><div style='text-align: center'>Ты — свинья!</div></big>{3mm}Я лишаю тебя всякой сдерживающей силы разума! Ближайшие полтора часа ты максимально прямо выражаешь и удовлетворяешь ВСЕ свои желания и стремления, не оглядываясь на социальные условности и осторожность!;;Применение СТОИТ 9 Красных и действует на ЛЮБОГО, кроме Пяти Именованных. ;Nautilus Pompilius;16; 1.2;
0;;<big><div style='text-align: center'>Колдовская песня</div></big>{3mm}Пока я буду петь — мой голос будет вести тебя за собой, куда бы я не повёл тебя! Моя песнь может длиться 15 минут и сильнее любого Гипноза!;;Применение СТОИТ 9 Красных и действует на ЛЮБОГО, кроме Пяти Именованных. ;Nautilus Pompilius;16; 1.2;
0;;<big><div style='text-align: center'>Пожирание сил!</div></big>{3mm}По моему слову, ты немедленно теряешь ВСЕ свои запасы силы воли и решимости и всю свою одаренность!{1mm}Они становятся моими — так что немедленно отдай их мне!;;Применение СТОИТ 9 Красных и действует на ЛЮБОГО, кроме Пяти Именованных. ;Nautilus Pompilius;16; 1.2;
0;;<big><div style='text-align: center'>Сдавайся или умри!</div></big>{3mm}Я приказываю тебе прямо сейчас избавиться от ВСЕХ запрещенных предметов и немедля уйти прочь — иначе ты навсегда впадёшь в Императивное Поведение: Истерика (и не сможешь заниматься осмысленной деятельностью).;;Применение СТОИТ 9 Красных и действует на ЛЮБОГО, кроме Пяти Именованных. ;Nautilus Pompilius;16; 1.2;
0;;<big><div style='text-align: center'>Я — НИКТО!</div></big>{3mm}Я никто, меня нет, я совершенно незначителен! {1mm}Никто из вас не обращает на меня внимание 15 минут, покуда я не делаю агрессивных действий.;;Применение СТОИТ 9 Красных и действует на ЛЮБОГО, кроме Пяти Именованных. ;Nautilus Pompilius;16; 1.2;
0;;<big><div style='text-align: center'>Семья в сборе!</div></big>{3mm}Услышьте меня! Семья в сборе!{1mm}Без моего разрешения никто не покинет этот обед или совет!;;Применение СТОИТ 9 Красных и действует на ЛЮБОГО, кроме Пяти Именованных. ;Nautilus Pompilius;16; 1.2;
0;;"<big><div style='text-align: center'>Причастие</div></big>{3mm}Я могу готовить Напиток на основе своей крови, добавляя мёд и вино. Но я понятия не имею, для чего это может быть нужно. Надо готовить так, чтобы можно было это пить!
";;Применение СТОИТ 9 Красных и действует на ЛЮБОГО, кроме Пяти Именованных. ;Nautilus Pompilius;16; 1.2;
0;;Felicity Inc.;;;Marta Decor Two;64;1;
0;;Professors' House;;;Marta Decor Two;64;1;
0;;Weavers'<br>old Field;;;Marta Decor Two;64;1;
0;;Patricks'<br>old Field;;;Marta Decor Two;64;1;
0;;Ingersolls' House;;;Marta Decor Two;64;1;
0;;Terrarium;;;Marta Decor Two;64;1;
0;;Just Cats;;;Marta Decor Two;64;1;
0;;Brooks' House;;;Marta Decor Two;64;1;
0;;Holy Grail Bar;;;Marta Decor Two;64;1;
0;;Mayflower;;;Marta Decor Two;64;1;
0;;Genesis Inc;;;Marta Decor Two;64;1;
0;;Janninys' House;;;Marta Decor Two;64;1;
0;;Museum;;;Marta Decor Two;64;1;
0;;SkyNet;;;Marta Decor Two;64;1;
1;;Если ты пришел к этому дому, приняв препарат {quot}Непобедимый{quot}, отправляйся на мастерку и сообщи об этом, мы пришлем игротеха;;;Nautilus Pompilius;24;1;
1;;<big><div style='text-align: center'>Разъяснение</div></big>Из этого домика нельзя выносить без разрешения любые созданные здесь предметы, будь то записи, конспекты, выразимые предметы, взятые из конвертов, а также любые предметы, внесенные сюда <b>невыразимыми</b>, но ставшие <b>выразимыми</b> внутри. Выносить разрешается только предметы, внесенные сюда выразимыми, с которыми не происходило никаких действий.;;;Nautilus Pompilius;15;1;
