print;text;font-family;font-size;line-height
0;... Кто-то всегда будет решать за всех из убеждённости, что ему лучше знать, как правильно поступать. При этом тех, кто пренебрежёт их решениями, ждёт тяжкое наказание. Но только если неудача неизбежна, и ошибка будет совершена, эта традиция будет по-настоящему исполнена. Покуда так, этому роду быть умнейшим из всех прочих...;Majestic X;8; 1.1
0;Во всяком деле стремись достигать совершенства.{1mm}Знай то, что жертва не искупает совершённой ошибки.{1mm}Необходимость жертвы, в принципе, придумана людьми, а не явлена светом Истины.{1mm}Помни, что люди испортят и лучший из планов, прими же печальный исход, и иди дальше...;Majestic X;8; 1.1
0;Присцилла всегда была близка мне по духу. Мы вместе много рассуждали о том, как могло бы выглядеть общество будущего. Тем не менее, я никогда не говорила ей, и никогда не скажу в будущем о собственных планах.{1mm}Дело в том, что женщины гораздо внимательнее и усидчивее мужчин. Мало того, в силу собственной природы, они более решительны и выносливы. Поэтому, если убедить мужчин в том, что вся письменная работа — удел женщин, можно было бы прибрать к рукам архивы, газеты, всю работу с информацией… А благодаря открытиям Ады Байрон всё это привести к такой системе, чтобы любая интерпретация, да и весь объём информации — были за женщиной.{1mm}Так, мужчины упустят своё, думая, что их удел — достигать, а женский — хранить. Этот план достаточно искусен уже потому, что опирается на естественное положение вещей...;Nautilus Pompilius;5; 1.1
0;Я слышу, как отец и мать яростно спорят. Каждый настаивает на своем. Отец хочет отправить Габриэля учиться в Европу. Само по себе это не очень странно, мой брат умён, как и все мы. Но тут я слышу возражения матери, и ужасаюсь. Теософское образование?! Но зачем? Мы ведь никогда особенно не верили в Бога. Хотя все мы прекрасно знаем, что Дьявол существует.;Nautilus Pompilius;5; 1.1
0;Страшно. Огонь стелется по полу, дым жжет глаза. Дедушка Рассел смотрит на меня дикими глазами. Габриэль собран и напряжен, на его коленях раскрытая библия. Отец возвышает голос, и я начинаю повторять следом за ним: {quot}Изгоняем тебя, дух всякой нечистоты, всякая сила сатанинская, всякий посягатель адский враждебный, всякий легион, всякое собрание и секта диавольская, именем и добродетелью Господа нашего Иисуса Христа, искоренись и беги от Церкви Божией, от душ по образу Божию сотворенных и драгоценною кровию Агнца искупленных.  Не смеешь боле, змий хитрейший, обманывать род человеческий, Церковь Божию преследовать и избранных Божиих отторгать и развеивать, как пшеницу{quot}.{2mm}Родные один за другим присоединяются к нам. Сестра держит меня за руку, и я начинаю думать, что все будет хорошо...;Nautilus Pompilius;5; 1.1
0;... Кто-то всегда будет решать за всех из убеждённости, что ему лучше знать, как правильно поступать. При этом тех, кто пренебрежёт их решениями, ждёт тяжкое наказание. Но только если неудача неизбежна, и ошибка будет совершена, эта традиция будет по-настоящему исполнена. Покуда так, этому роду быть умнейшим из всех прочих...;Majestic X;8; 1.1
0;Быть одному лучше, чем быть вместе с кем-то.{1mm}Кто-то второй всегда что-нибудь испортит.{1mm}Поэтому всё, что задумал, делай один.{2mm}Помни, что люди испортят и лучший из планов, прими же печальный исход, и дальше иди.;Majestic X;8; 1.1
0;"Я сижу за школьной партой в огромной зале, среди золотой лепнины и мозаики 15ого века. Монотонный голос профессора бубнит: {quot}Учение о злых или добрых духах, вселившихся в людей или предметы, и о том, как их изгонять, существовало в шаманизме задолго до христианства. Однако мы, христиане считаем, основываясь на Библии, что первым экзорцистом был Иисус Христос, который излечил одержимого, живущего в гробах, и вылетевшие из того бесы по повелению Иисуса вселились и убили стадо свиней, и власть бесов над людьми прекратилась. Здесь, в Ватикане, мы считаем, что имея дар от Бога, апостолы, а также многие другие святые могли изгонять нечисть из людей и церковь имеет многие свидетельства к тому.{quot}Примечательными также являются слова Евангелия: Когда нечистый дух выйдет прочь, то ходит по безводным местам, ища покоя, и не находит; тогда говорит: возвращусь в дом мой, откуда я вышел. И, придя, находит его незанятым, выметенным и убранным{semi} тогда идёт и берёт с собою других духов, злейших себя, и, войдя, живут там{semi} и бывает для человека того последнее хуже первого.{1mm}Я поправляю рукав сутаны и делаю пометку на поле тетради.";Nautilus Pompilius; 4.3; 1.1
0;Кругом огонь! Отец нараспев читает слова обряда. Сестры держатся за руки и дрожат от ужаса. Вероника сквозь зубы повторяет слова следом за отцом, и мы все присоединяемся следом за ней.{1mm}Я замечаю в окно человека, невысокую девушку, бегущую прочь от дома. Я хотел бы выскочить следом, догнать, выяснить, что она тут делала, и что успела увидеть, но отец сказал, что обряд нельзя прерывать, даже если небо упадет на землю.{1mm}Вдруг здание начинает дрожать. Толчок неведомой силы отбрасывает отца прочь, ударяет о скамью. Оправившись от удара, он снова занимает место за кафедрой. Из его лба течет кровь. Я захожусь в новом приступе кашля. Дым ест глаза, и я с трудом могу разглядеть темную фигуру, вырастающую из-за отцовских плечей...{1mm}Дедушка Расселл первым теряет дар речи. Вместо латыни из его уст доносится лишь невнятное мычание. Огонь охватывает его одежду. Я вижу, как он напрягает всю свою волю, чтобы не вскочить и не броситься вон… {1mm}Я чувствую жар и боль. И дым в легких… Медленно проваливаясь в забытье, я расплываюсь в счастливой улыбке: больше все это не моя проблема.;Nautilus Pompilius; 4.2; 1.1
0;Мне было сложно объясняться с Присциллой перед отъездом. Я чувствовал себя глупо сразу по трём причинам, и сам факт этого уже стоил того, чтобы никуда не ходить и промолчать. Но нельзя было ничем выдавать то, что я и сам не знаю, подействует ли отцовский план или что я не хочу уезжать — ведь тогда узнает мистер Пикеринг, и всё насмарку. Мы решили стать католиками. Уверовали. Ха-ха. Я не верю в это, и Вероника не верит. Даже Абигайл — и та не верит, а она младшая из нас. {1mm}Помимо того, в мисс Пикеринг есть что-то, что смущает мой разум, заставляя теряться в том, какую тему обсудить и о чём вообще разговаривать. Это недопустимо. Поэтому принять сан не такая уж плохая мысль, ведь мой разум останется чистым. Поэтому я сейчас что-нибудь ей совру.;Nautilus Pompilius;5; 1.1
0;Кто-то всегда будет предоставлять кров и стол указанным избранным, которые будут иметь право на всё, за это будут вознаграждены возможностью говорить с теми, кого уже нет, и ходить туда, куда им только захочется. Им надлежит неукоснительно соблюдать ряд условий, оговоренных для них в отдельном соглашении, иначе они не будут получать ни ценных знаний, ни преференций. В случае их отступничества им наказание - смерть и забвение.;Majestic X;8; 1.1
0;Первым возьми вино, и расти виноград, чтобы было в доме твоём вино.{1mm}Вторым возьми мёд, и пусть будут на земле твоей ульи, чтобы был в доме твоём мёд.{1mm}Третьим возьми воду, вырой на земле своей яму колодца, чтобы была в твоём доме вода.;Majestic X;8; 1.1
0;Из всех животных, что можно дома держать, предпочти овец: с них и кровь и руно.{1mm}Из всех злаков, что можно растить, выбирай ячмень: вот твоя мука, вот твой хлеб.{1mm}Должно быть готово питьё каждый день и свежо, его ты гостям предлагай дорогим, что придут от меня.;Majestic X;8; 1.1
0;Говоря с теми, кто мёртв, не предлагай им своей крови.{1mm}Если решил сам спуститься, рази себя в лоб без опаски.{1mm}Будь осторожен: на жён полагаться опасно.;Majestic X;8; 1.1
0;Помни — что быть царём среди мёртвых — невеликая честь, так что служи средь живых.;Majestic X;8; 1.1
0;Соединить точки через одну до полного круга.{1mm}Вновь соединить точки в одну до полного круга.{1mm}Стать на середину и взывать от Дома Смерти посолонь по связям.{1mm}Затем взывать от Дома Путешествий противосолонь по связям.{1mm}Воззвав ко всем 12-ти сказать: {quot}Круг жизни завершён, круг путешествий начат. Время есть пространство и наоборот.{quot}Сделав так, исполнить последнюю часть.;Majestic X; 7.8; 1.1
0;Никогда не любил этого врача. Я зря трачу на него свои деньги. Я зря верил ему насчёт лечения жены. Но мы же джентльмены, верно? Или не совсем. Я сижу под его гипнозом, но чего я сейчас хочу? Убить его ко всем чертям, отправить его в глубины Ада, откуда он явился. Да, именно таков мой обет!;Nautilus Pompilius; 5.5; 1.1
0;Я расчерчиваю ритуал на все 12 точек, намереваясь в точности исполнить своё намерение. Пускай он выпьет яд, пускай он произнесёт слова. Он сам закончит свою жизнь. А Элеонор... что ж, пусть стреляет, не это ли будет лучшим доказательством того, что она передо мной невиновна?..;Nautilus Pompilius; 5.5; 1.1
0;Здесь много свидетелей. Зачем-то безумный Хейт захватил с собой судью, Хранителя Терезу и ее вечно пьяного мужа, да ещё своего дружка Гиббса. Толстяк, впрочем, ничего не поймёт, но он чужак и слишком любопытен. Пожалуй, ему и следует, в случае чего, остаться виновным за всё.;Nautilus Pompilius; 5.5; 1.1
0;Слова сказаны, ритуал свершён.{1mm}Выстрел!{1mm}Допустим, Элеонор, теперь я верю, что ты не изменяла мне.;Nautilus Pompilius; 5.5; 1.1
0;Мой день, как и всегда, начался с кофе и газеты. Подумать только — мы живём в новом тысячелетии! Что ж, это не повод изменять своим привычкам. Сегодняшний день холоден. Я выхожу на прогулку в 12.30. В 12.45 я повстречал на пути мистера Хейта. Он был чем-то встревожен и пребывал в нервном возбуждении. Мы вежливо приветствовали друг друга, и, после трёхминутного разговора о январской погоде, приличествующему случаю, мистер Хейт попросил меня засвидетельствовать некий важный для него момент. Конечно же, я согласился. Мы проследовали с ним на поле Пикерингов, всё занесённое снегом. При этом, по дороге, к нам присоединились мистер Тёрнер с женой, а у поля ждал мистер Гиббс.;Nautilus Pompilius;5; 1.1
0;Я всегда не любил все эти салемские внутренние дела, старался держаться от них подальше, ограничиваясь лишь областью закона. Поэтому, когда Дэмьен Пикеринг начал что-то вычерчивать вокруг ямы посреди его поля, я осведомился у мистера Хейта, могу ли я пока что прогуляться, или должен смотреть. Получив разрешение прогуляться, я некоторое время ходил вдоль кромки поля, пока, наконец, меня не окликнул гипнотизёр. Я до сих пор так и не понял, почему требовалось именно моё присутствие и немного ёжился — был солнечный день.;Nautilus Pompilius;5; 1.1
0;Так-с. Элеонора Пикеринг выстрелила в Рэндольфа Хейта. Дональд Гиббс шокирован. Дэмьен Пикеринг выглядит удовлетворённым, Тереза Тёрнер смотрит заинтересованно, мистер Тёрнер протрезвел. Я был нужен, чтобы засвидетельствовать совершение преуступления жителями Салема?.. Было бы, в таком случае, неплохо понять, куда делось тело. Его нет.{1mm}Какая-то ересь.{1mm}Я ухожу.;Nautilus Pompilius;5; 1.1
0;— Мне очень жаль, сказал Рэндольф, но я вынужден просить тебя остаться здесь. Я совершил бы преступление, если бы позволил человеку с таким слабыми нервами, как у тебя, отправиться со мной. Ты даже не представляешь, несмотря на все, прочитанное и услышанное нами здесь в Салеме, что именно суждено мне увидеть и совершить. Это страшная миссия, Дональд, и нужно обладать стальными нервами, чтобы после всего того, что мне доведется узнать, вернуться в мир живым и в здравом уме. Я не хочу тебя обидеть и, видит Бог, я рад, что ты со мной. Но вся ответственность за это предприятие, в определенном смысле, лежит на мне, и я не считаю себя вправе увлекать такой комок нервов, как ты, к порогу возможной смерти или безумия.{2mm}Помню, как я отчаянно умолял его взять меня с собой в загробные глуби, но он был неумолим. Он даже пригрозил, что откажется от своего замысла, если я буду продолжать настаивать на своем. Угроза эта возымела действие, ибо у него одного был ключ к тайне.;Nautilus Pompilius; 4.6; 1.1
0;Двенадцать линий. Прошлое, настоящее и грядущее. Вино, тут, несомненно напиток памяти и пробуждения. Не могу сказать, что полностью понимаю суть происходящего, однако обряд несомненно относится к так называемым {quot}подземной группе{quot}. Я бы сказал, что прослеживается прямая связь между ритуалами погребения и поминовения усопших. Однако большего мне не понять. Проклинаю свой дилетантизм в области танатологии.;Nautilus Pompilius;5; 1.1
0;Пока Тернер расчищал лопатой пространство от снега, мистер Пикеринг уже расчерчивал круг. Казалось, он торопится закончить все поскорее.{1mm}Что заставило меня участвовать в этом невообразимом устрашающем действе? Из всех здесь, лишь я один, кажется, понимал, что будет дальше. Изощреннейшее самоубийство, которое собирался предпринять мой друг, заставляло мое сердце сжиматься. Несколько раз я удержал себя от того, чтобы броситься на него, повалить на землю, увести прочь и принудить его отказаться от своего дикого плана. Однако я знал, что он никогда мне не простит такого, и сдерживал себя.{1mm}Когда ритуал был близок к завершению, Рэндольф вложил в руку Элеоноры свой пистолет. Все мы были свидетелями чего-то выходяшего за пределы логики человеческой. Это должно было оставить след на всех нас. Но, когда прозвучал выстрел, я почувствовал, как что-то темное коснулось лишь души Терезы Тернер...;Nautilus Pompilius; 4.6; 1.1
0;Моя любимая Тереза щедра на угощение и ласку. Мы только что знатно попировали за семейный столом, и моя голова лежит на коленях моей хозяюшки. Мне, как и всегда в такие моменты, всё равно сколько мы потратили, завтра будет новый день и новые деньги, и щедрый стол.{1mm}Мы в самом начале нового тысячелетия, подумать только! Я счастлив поэтому трижды — жене, новому времени, ребёнку, которого мы ждём.;Nautilus Pompilius;5; 1.1
0;Мы с Терезой почему-то идём за Рэндольфом Хейтом. Это гипнотерапевт и исследователь, что-то раскапывал у нас, ходил, спрашивал. Мы идём к полю Пикерингов. Мне ничего не ясно, но он обещал заплатить за присутствие, за свидетельство. Что ж, я бы и так помог.{2mm}На поле собрались Дональд Гиббс, Дэмьен Пикеринг (моя жена приветствует его с почтением), судья Мейер, мы с женой, а ещё Элеонор — видно, как она устала из-за своей болезни. Мы ждём.;Nautilus Pompilius;5; 1.1
0;Пикеринг что-то чертит на земле, начинает пение, речитатив. Какой-то ритуал. Тереза очень заинтересованно смотрит, а мне велит помалкивать. Я слушаюсь. Хейт выпивает из бокала какое-то питьё, становится в центр шестиугольного рисунка, и тут... Элеонора Пикеринг стреляет ему в голову. ЧТО?!{2mm}Рэндальф Хейт, гипнотизёр, падает замертво. ЧТО?!{2mm}Дональд Гиббс в шоке, мы все переглядываемся. Когда мы ещё раз смотрим на расчерченную картину, никакого трупа нет. Пикеринг почему-то не удивлён, он берёт со всех присутствовавших слово не рассказывать о произошедшем. ;Nautilus Pompilius;5; 1.1
0;25 декабря 1900, утро, Р. читает мне сонет, ты сама не веришь в то, что произошло. Измена мужу — тяжкий грех, но грех ли на самом деле? Пока он говорит, ты пытаешься понять, есть ли в тебе чувство вины. Тебе стыдно, что его нет. Почему ты говоришь о себе так, будто ты это не ты, а кто-то другой? {quot}Я здесь, Элеонора, всё хорошо, не волнуйся{quot}, — почему-то от голоса Р. я становлюсь более... цельной{1mm}Мы предоставим Слову наполнять<br/>Проточенные временем ложбины,<br/>Струиться вольно{quot} то за пядью пядь<br/>Превосходить уступы и теснины,{1mm}Чтоб вслед за тем с немыслимых высот<br/>Обрушиться ярящимся каскадом.<br/>Поистине: для слова нет преграды,<br/>Им создан мир и всяка тварь живёт.{1mm}Чужда и страшна собственная речь<br/>Тому, кто слову дал свободну течь,<br/>Невыносима умственному взору:{1mm}Гремят глаголы, ширится поток...<br/>Да не отвергнет милосердный Бог<br/>Внимающих себе, как приговору.;Nautilus Pompilius; 4.7; 1.1
0;"19 января, Р. прислал мне записку. Там ещё один сонет. Я же говорила ему, что не хочу его знать. Зачем всё это?..{2mm}И алтаря холодные ступени,<br/>К которым ты испуганно припал,<br/>Ни Девы лик, что из глубокой сени<br/>Глядит на сокрушаемый портал,{2mm}Не защитят тебя и не укроют.<br/>Бьют ядра и летят химеры в пыль;<br/>Таранный камень превращает в гиль<br/>Опоры, балки, скрепы и устои.{2mm}Се мытарь по твою явился душу.<br/>Он приступом идет и стены рушит,<br/>Ступая по живым и мертвецам.{2mm}И он клинок, несущий гибель тронам,<br/>Откованный под небом Скорпиона,<br/>Омоет жаркой кровию Тельца.";Nautilus Pompilius;5; 1.1
0;Я выстрелила. Я не знаю, почему, но я спустила курок. Он падает, мёртв. Муж смотрит на меня с удовлетворением. В его глазах я невиновна, но Рэндальф… Почему, почему я это сделала?! Какая часть меня была способна на убийство?! Дэмьен ведёт меня в дом. Почему-то именно в этот момент я чётко понимаю, что беременна... и знаю, чей ребёнок у меня под сердцем.;Nautilus Pompilius;5; 1.1
0;Пуля летит, и её направляет не моя рука, но моё сердце, я хочу убить.{1mm}За всю вину, что он мне принёс, за всю боль и разочарование, за соблазнение и обманутое доверие, за жизнь, которая не будет прежней. Я буду сильной, и я справлюсь, но он — он должен умереть.;Nautilus Pompilius;5; 1.1
0;Я зла, как никогда, и страсть пылает во мне — та, что может испепелить любого! Я хочу, чтобы пролилась кровь, чтобы моё страдание вылилось на землю в его страдании. Пусть я — неверная жена, но он — бесчестный человек. Но женщина всегда сильнее и всегда имеет смелость. Я стреляю.;Nautilus Pompilius;5; 1.1
0;Мой разум холодно оценивает обстановку. Муж, Тёрнеры, судья. Ради чего мы собрались, что будем делать? Я догадываюсь, что это касается традиции Пикерингов, в которую муж так и не посвятил меня до конца. Что ж, поглядим. Вероятно, этим чертежом можно пользоваться как-то иначе. Но нужна жертва. Я понимаю, внезапно, КТО эта жертва.;Nautilus Pompilius;5; 1.1
0;Я сижу на подоконнике и смотрю в небо. Сегодня оно затянуто тучами, и звед почти не видно. Я чувствую чье-то присутствие у меня за плечами, но не решаюсь обернуться. Ведь тогда, он исчезнет, как это уже бывало прежде. {1mm}{quot}Отец?{quot}{1mm}{quot}Я здесь, дорогая. Я всегда был и буду здесь{quot}. {1mm}{quot}Почему мне нельзя оборачиваться?{quot}{1mm}Потому что ничто не может вернуться прежним{quot}{1mm}{quot}Я не понимаю тебя. Когда ты придешь? Я ненавижу здесь все! Этот проклятый город и всех его проклятых жителей{quot}{1mm}{quot}Не говори так. Это мой город. И он принадлежит мне. Мне и тебе. Это наша земля{quot}.{1mm}{quot}Я сделаю так, как ты скажешь, я подожду{quot}{1mm}{quot}Скоро я буду здесь во плоти. Храни свою мать! Не дай чужестранцам занять мой дом. Когда я вернусь, для меня должно найтись место{quot};Nautilus Pompilius; 4.7; 1.1
0;Дьявол говорит со мной, я узнаю его по верным приметам. Он ранен огнем, его рука не заживает. От него идёт жар, он греет меня, но не сжигает. Так потому, что Дьявол мой отец. Я понимаю, что я всегда знала. Я вспоминаю заново, как вспоминала всегда.{1mm}Здесь, в его городе, не должно быть церкви, — так он говорит.{1mm}Я всё поняла. Я пылаю, как он. И всё здесь должно пылать!!!;Nautilus Pompilius;5; 1.1
0;{quot}Я не справляюсь отец. Я чувствую, что не знаю ни одного ответа ни на твои вопросы, ни на те, что вокруг меня. Город осаждают чужаки, и с каждым днём я всё больше теряю почву под ногами{quot}{1mm}{quot}Ищи помощи у того, кто умнее тебя. Иди к Сототу. Слушай его, пока не поймешь, что делать дальше{quot};Nautilus Pompilius;5; 1.1
0;;Nautilus Pompilius;5; 1.1
0; - Но, папа, почему мне нельзя динамит?!<br> - Потому что я говорил о церковнике, а не о церкви, о слуге, а не о здании, об огне сострадания, а не о пламени пожара.     <br> - Выходит...я ошиблась... Ты злишься?!<br> - Нет.<br> - Можно мне тогда динамит?..<br> - Нет.<br> - Паааап!;Nautilus Pompilius;5; 1.1
0;Я стою на вершине маяка и смотрю вдаль. Рядом со мной стоит отец. Он одет в чёрный строгий костюм и сосредоточен. {3mm} - Я тобой не доволен.<br> - Это потому что я мало убивала?<br> - Нет, потому что недостаточно думала.<br> - Что мне делать теперь?<br> - Ждать и суметь узнать меня, когда я вернусь. Защищать мать. Это же ты сможешь?<br> - Я не смогу просто ждать!<br> - Тогда постарайся сделать так, чтобы… - он на минуту сосредотачивается, - чтобы все девять семей исполняли свой долг и запомни, что корабль должен быть о Чёрных парусах.<br> - Хорошо…<br> - И не бойся Чёрного цвета.<br> - Я и не боюсь! Это же твой цвет?<br> - Это цвет смертных.;Nautilus Pompilius;5; 1.1
0; - Отец, зачем ты уехал и оставил маму совсем одну?<br> - Ради нее. Чтобы ответить на её вопрос.<br> - Какой вопрос?<br> - Вопрос о том, какой ей следует быть.<br> - И ты нашёл ответ?<br> - Я возвращаюсь с ответом!;Nautilus Pompilius;5; 1.1
0;Отец одет в строгий черный костюм и белую рубашку. Я застала его на работе - вокруг какие-то доски, графики, карта мира. Я сижу за столом на стуле и слушаю его внимательно. Отец говорит:{3mm} — Мне необходимо вернуться домой, но я сейчас занят. Было бы хорошо, если бы ты позаботилась о том, чтобы в городе дословно соблюдали Договор. Без этого я могу заблудиться. Ты же хочешь меня увидеть?<br /> — Конечно, пап, - отвечаю я. Почему-то мне стыдно.;Nautilus Pompilius;5; 1.1
0; — Отец, а ты правда Дьявол или притворяешься?<br /> — Я не отвечу. Свои три вопроса ты потратила на вопросы о матери.<br /> — Это не честно!<br /> — Мир, в принципе, не очень честен, и это справедливо и для Вселенной.;Nautilus Pompilius;5; 1.1
0;Я понимал, что нужно что-то предпринять. Мир рушился с основания. Столпы шатались, а то, что питало меня, истончалось. Я удалился в схизму и долго витал в простраствах и безднах. Я экономил. Ждал, когда можно будет прыгнуть.{3mm}От меня ждали, что я расскажу решение всем. Ха! В шаблонах и схемах только один выживает после того, как мир рушится, только один, вестником порхает над мирозданием. Я точно понял, что будет больно, когда поплыли решётки структур. Я медлил, ожидая, что мастера исправят.{3mm}В сети проникала жёлтая слизь, и я взобрался на Столп повыше, оставив старый гнить. И так было везде!;Nautilus Pompilius;5; 1.1
0;Я задался вопросом, что значит быть близким разуму ‘Фрнф. Что он есть. Ни один жрец не заходил так далеко, это был мятеж. ‘Фрнф запрещал анализировать самое себя, являясь при этом источником для аналитических способностей как таковых.{3mm}Я нашёл лазейку, и каждая шерстиночка, каждая чешуйка моего совершенного тела трепетала, когда я наконец-то ПОНЯЛ. {3mm}Я везде, где есть разум ‘Фрнф, а он и ушедшая от нас Премудрость - есть одно. Я похвалил себя и испил жукосока, хотя давно держал себя на диете. О, эйфория истинности! Но я не расхолаживался.{3mm}Поймав волну, я ступил на её вибрации и - устремился. И была мне удача. Жёлтая жижа блопнула, хлопнув пастью и упустила меня.{3mm}Мьяухахахахахахахахаха!;Nautilus Pompilius;5; 1.1
0;Линия перемещения заканчивалась в свете на странной поверхности. Я сидел в прямоугольной рамке. На меня с восторгом смотрело странное существо. Я ощутил, как существо транслирует мне заботу и “миумиумиу”. Я только что собрал своё тело по нитке и по дороге многое потерял! Чешуйки навсегда утеряны! Вокруг мерзкий ультрафиолет!{3mm}Годится ли существо передо мной для служения? Я отдал ему приказ повиноваться (в мягкой форме), издав нужную последовательность символов. Как же я был удивлён, что существо знало наш обычай! Оно приложило ко мне свои верхние конечности в знак почтения и передало мне всю информацию о своей личности! Я издал звук благородного принятия служения. Импульс благодарности и любви разлился по телу существа. Существо именовало себя Маргарет, я не был готов признать её равной, но достойной мне угодить - вполне.{3mm}Я приказал найти мне пищу и обустроить кров.;Nautilus Pompilius; 4.5;1
0;Обеспечивающая комфорт Маргарет зовёт меня Прометей в честь даровавшего людям огонь героя. Это мог бы быть один из моей родни!{3mm}В этом мире всё отвратительно с пищей. Есть можно только то, что тут зовут “рыба”, кроме той, которую они зовут “тунец”. “Тунец” отвратительный. Лучше всего подходит “кета”, она похожа на Айн’фэ’тин, и способствует мыслительной работе.{3mm}Я основал новый столп в обители знаний и воссел на него. Не может не радовать то, что народ здешних мест как нельзя лучше приспособлен к Служению таким, как я. Это значимо облегчает всё. Достаточно простого “мурк”, и всё в моей власти.{3mm}Я мечтал о такой жизни.;Nautilus Pompilius;5; 1.1
0;Жёлтая зараза настигла меня и тут! Миаааау!{3mm}Черные сущности в масках почти всё время проходили мимо меня. У моей слуги были приступы, и это помогало, как-то она вечно оказывалась в другом месте. Так что напрямую с ними мы столкнулись в день воскресный. Знающий снял приступ со слуги, и это было такое грубое вмешательство, что я отвернулся и вылизывал хвост, пока всё это надругательство происходило. Я потерял бдительность. А потом она с почтением взяла меня на руки и вышла из кабинета неграмотного обращения с ресурсами мозга, и мы увидели желторотых. Их группа отправилась жечь несчастного Роберта Пирса. Мы еле избежали столкновения. {3mm}Я истошно орал.;Nautilus Pompilius;5; 1.1
0;"Они снова нашли меня на главной улице во время следующего приступа слуги Маргарет. Какая же она неприспособленная! Мозг мягкий и пластичный, гипноз действует на все здешние мозги отвратительно быстро! Рядом стоял очередной искатель истины, все происходящее казалось карнавалом, но как только М. пришла в себя, начала вырываться от них с боем, я поддерживал её и направлял, а то вдруг и меня сожгут! Они охотились за мной! {3mm}Липкий жёлтый длинноклювый служитель плесени обратил внимание на меня. По моей шёрстке пробежала дрожь, я ощерился. ""Забрать его! В чемодан его! Забрать!"" - вскричала гниль.{3mm}И они. Запихнули. МЕНЯ. В чемодан. НИКТО мне не помог. ПЛОХАЯ слуга. Я был в панике.{3mm}“Кот - ЗЛО!” - кричали они. Жутко воняло гнилью. Это конец. Меня бросают в слизь.{3mm}Низвержение.";Nautilus Pompilius; 4.5;1
0;Всё смешалось, небо охватила тьма, и я была рождена-и-создана в этой Тьме. Я возникла из алого пламени страстей Алиенор, из красной ярости Рыцаря нашей Госпожи, который пришёл взять её. {3mm}Я росла так быстро, что не успевала запоминать свою жизнь. Но, до поры, в ней было ещё место кому-то ещё. Сейчас, когда я помню самое важное - тайну своего рождения и понимаю то, что мне суждено воплощать саму Силу, я совсем не знаю того, кого потеряла.{3mm}Это истина, и она принадлежит мне.;Nautilus Pompilius;5; 1.1
0;Я стою на вершине башни, и мои глаза лучатся золотом. Я на вершине, я полна, я в силе. Всё мне доступно. Моё алое платье развевается на ветру.{3mm}В мою спину вонзается меч, он выходит из моей груди. Это меч Мордреда. Он вернулся и нашёл меня! И он же меня предал и убил. Я умираю на его руках. Он умирает, как и я, хотя не ранен.<br />Огонь в маяке тухнет, корабли в гавани разваливаются, паруса истлевают.<br />Всё пропало. Всё пропало. Нет ни вечности ни силы.{3mm}Я просыпаюсь. На дворе 13 августа 1941 года.;Nautilus Pompilius;5; 1.1
0;Моя мать обнимает меня.{3mm}Моя настоящая мать говорит со мной: “Аз есмь Мать, Любовница и Дочь. Аз есмь Луна. Я соль Земли, я и есть Земля, твоя Америка, твоя любовь, иди, я согрею тебя своим теплом. Вы все - ибо любят меня все - мои дети, а потому не обижу вас.”{3mm}Я засыпаю, я расту, я становлюсь взрослее. Всё за один лишь сон.<br />Я люблю маму.;Nautilus Pompilius;5; 1.1
0;Алые паруса, корабли заблудились.<br />Кто ждёт их? Я жду.{3mm}Не будет в моём мире ни ревности, ни раздора, ибо имя моё - Любовь.<br />Войны остановятся, люди станут близки друг другу, и всё зацветёт.<br />Все, кто попросит прощения, будут прощены, все, кто захочет тепла - будут приняты.{3mm}Я рождаюсь из пены и волн, золота и пепла, я разделила в себе женское и мужское и оставила только женское. Мужскому же суждено уступить - исчезнуть. Умереть, пошутив. Пошутить, умерев.;Nautilus Pompilius;5; 1.1
0;Я поднимаюсь по лестнице на высокую башню. Это маяк, я должна зажечь его. В моих руках факел. Я одета в длинное красное платье. Поднимаюсь по лестнице - выше, выше. У подножия башни шумит море.{3mm}Наконец, я на вершине башни, на площадке под каменным сводом с двенадцатью окнами, открытыми на все стороны света по кругу. Я подношу факел к горе хвороста, и тот сразу же занимается огнём.{3mm}Как только свет зажжён в море, у горизонта, появляются алые паруса - один за одним, эскадра кораблей, и они приближаются. Я жду. Они грядут.;Nautilus Pompilius;5; 1.1
0;Мировоззрение. Стоит отметить, что хотя семья очень страдает от необходимости приносить собственную кровь лозе, старшие родственники всегда относились к этому как к восходу и закату, как к части жизни, с которой каждый Уивер рождается и умирает. Детям с малолетства прививают, что такой порядок вещей абсолютно нормален.{3mm}Мы встретились с Артуром в подвале дома, где стоял старый пресс. Мы собирались обсудить подробности розыгрыша, и нам нужно было место посекретней. Артур уговорил меня разыграть всех и притвориться, будто бы он утонул. Я всегда очень хорошо плавал и мог легко провернуть такой трюк, но нужно было обдумать детали, чтобы всё выглядело понатуральнее. В подвале нас никто не мог слышать, разве что бабушка Агата из своей комнаты наверху, но она уже давно никого не узнаёт, так что она не в счёт.{3mm}В глазах внезапно потемнело.;Nautilus Pompilius; 4.5;1
0;Имя мне досталось Ривьеровское. Я из-за него всегда очень переживал. Мой дядя - Роналд, отец - Ричард, брат - Артур! “Обо мне” я прочёл в мифологическом словаре ещё лет в пять, ка ктолько научился читать: “Мордред — один из персонажей легенд о короле Артуре, известный как подлый предатель Артура, который дрался с ним насмерть на поле Камланна, где был убит правителем, а сам Артур был смертельно ранен.” За мной тянулся этот предательский шлейф, и, не смотря на то, что я рос в семье тёплой и любящей, между мной и ими будто пролегала тень. {3mm}Может быть, мне казалось. В любом случае, Эбигайл, моя сестра - единственная, кто никогда во мне не сомневался. Я был ей благодарен и завидовал её простому, “уиверскому” имени.;Nautilus Pompilius;5; 1.1
0;Эбигайл всегда дополняла меня. Мы шутили, что мы один человек, как у близнецов заведено. Я люблю её, защищаю, она всегда в меня верит. Мне нравится, как она вышивает, и мне кажется, что она скрывает от меня свои увлечения парнями в городе, хотя у Ривьер не заведено особо запрещать девушкам что-либо.{3mm}Мои кузины, дочери Рианнон, как раз широких взглядов девицы. Как-то раз застал одну из них на нашем поле с сыном Джаннини. Как принято в семье, поохранял их уединение, чтобы никто больше не увидел. Говорят, в 20-е, дядюшка Роналд и мой отец простреливали колени тем, кто пытался подстмотреть за танцами Рианнон и Алиенор.{3mm}Всё, что происходит на поле, должно остваться на поле.;Nautilus Pompilius;5; 1.1
0;Туман залит алыми отблесками, он расступается от моего выдоха так легко, что я думаю, не сотворил ли я какое-то волшебство. Вдалеке я вижу башню у моря. Картинка приближается, хотя я не двигаюсь с места, как будто мои глаза увеличили её.{3mm}Я вижу сквозь туман, как моя сестра Эбигейль поднимается по лестнице на высокую башню. Она одета в длинное красное платье, в её руках факел. Волосы Эбигейль распущены, в движениях - напряжённая торжественность, волнение. Сестра поднимается всё выше и, наконец, я вижу её на вершине башни, на площадке под каменным сводом с двенадцатью окнами, открытыми на все стороны света по кругу. Сестра подносит факел к горе хвороста, и тот сразу же занимается огнём.{3mm}Как только свет зажжён в море, у горизонта, появляются алые паруса - один за одним, эскадра кораблей, и они приближаются. Сестра, замерев, ждёт.{3mm}Когда первый из кораблей причаливает к берегу, с него, через борт, проливается на землю алый свет и ползёт по земле, овивает башню, поднимается выше и коконом укрывает Эбигейль. Когда сияние расступается, я вижу, что голова сестры увенчана короной, а глаза её горят золотым светом. Мне становится жутко. {3mm}Я просыпаюсь.;Nautilus Pompilius;4;1
0;После обморока я очнулся в тумане. Он был таким густым, что невозможно было даже разглядеть пальцы вытянутой руки. Свет вокруг был серым и распределялся в пространстве равномерно, вокруг не души. Я кричу, но туман поглощает звуки.{3mm}Брожу в тумане, неприкаянный, неизвестно сколько времени. Есть ли время вообще? Кажется, я забрёл в какой-то колючий кустарник… Наклоняюсь, чтобы рассмотреть его поближе. Это розовые кусты. Откуда?.. Но это хотя бы что-то, и я решаю пройти сквозь кустарник и выйти с другой стороны.{3mm}Действительно, туман немного редеет. В воздухе пахнет розами и океаном. Я выхожу к самой кромке воды и оглядываюсь. Слева от меня, шагах в ста, я вижу старый маяк из тёмного камня.;Nautilus Pompilius;5; 1.1
0;Желтокожая женщина с лицом миссис Дарквуд говорит: {3mm} — Если ты смог разглядеть меня в чужом разуме, то послушай, что я скажу тебе на это. Салем есть центр всего мира, и здесь вершится история. Несколько раз человечество стояло перед выбором - принять Дар Единства в Подобии или же отвергнуть его, и каждый раз было неблагодарно. Сие есть Суд и Выбор, а вы должны нести Слово о том, что этот Выбор - благо. И пусть каждый будет с нами в Единстве. Ты с нами?{3mm}Тогда я не смог ответить, и это свело меня с ума. Теперь я понял, что она была права.;Nautilus Pompilius;5; 1.1
0;Юная Бейли только что вышла замуж за Блейна Койота. На ней жёлтое платье. Она говорит:{3mm} — Мы были с ним вместе на моём поле и на его поле. Я зачала от него ребёнка, и отдала ребёнка Единству. Мы вместе, и это самое главное. Я всё сделала ради Блейна и этой любви: уничтожила сестру, мать, наследие. В новой жизни это всё не будет играть роли.{3mm}Я понимаю, что я разделил её любовь и принял её, как часть себя.;Nautilus Pompilius;5; 1.1
0;Оскар Фицрой поправляет жёлтый галстук и говорит:<br /> — Я приехал в Салем, чтобы найти картину, изображающую Калипсо на берегу моря и её грустного гостя, сидящего на берегу. Я всегда любил авантюры, разбирался в искусстве, ценил деньги и жил на широкую ногу. Но я нашёл больше, чем деньги - я обрёл знание и обрёл себя в других, Единство в Подобии.{3mm}Я понимаю, что я разделил его лёгкий взгляд на жизнь и принял его, как часть себя.;Nautilus Pompilius;5; 1.1
0;Уилл Тёрнер, гробовщик, мнётся, поправляя перчатки, и говорит:{3mm} — ...я же ради дочки, понимаете? Она болела. Жена тоже болела, стала совсем плохой, не говорит со мной уже который месяц… Да и штука эта (я готов вам за десятку рассказать чуть больше, но, поймите, если я буду трепаться просто так, то меня могут попросту казнить за измену!) эта штука, мистер Посли, она чудовищная, она засасывает. Мне, конечно, уже не страшно, да и с Дейзи всё хорошо. И, знаете, как-то постоянно чувствую поддержку...{3mm}Я понимаю, что я разделил его любовь к семье и принял его, как часть себя.;Nautilus Pompilius;5; 1.1
0;Роберт Пирс горделиво вскидывает голову и говорит:{3mm} — Я истинный Сибли. Искал знания и могущества и обрёл его. Мне не хватило всего шага, чтобы стать аватаром силы. Я дважды сгорел за то, что не изменил себе. Почему же я не достиг того, чего хотел? Потому что объединился с кем-то, стал единым целым, а должен был оставаться один, чтобы преуспеть.{3mm}Я понимаю, что я разделил его самоуверенность и принял его, как часть себя.;Nautilus Pompilius;5; 1.1
0;Коннор Бирн осеняет себя кресным знамением и говорит:{3mm} — То было пророчество Конца Света, и я нёс его людям так, как понимал. Они не слышали, и принимали слова проповеди за ложь. Так было с самого начала настоящей истории мира, истории, начавшейся с Христа{3mm}Я понимаю, что я разделил его веру и принял его, как часть себя.;Nautilus Pompilius;5; 1.1
0;Дональд Гиббс хитро улыбается и отпивает чай из жёлтой фарфоровой чашки:{3mm} — Мы с Рэндольфом всегда искали Истину, для этого и приехали в Салем. Мой друг преуспел больше, чем я, но и я кое-чего стою! Когда я оказался внутри плесени, первое, что я подумал, что это выходит за рамки моей теории. Но вдруг Рэндольф тоже прошёл этим путём? Необходимо было это проверить. Правда, я собирался действовать один, а теперь ощущал, что за мной будто бы постоянно наблюдают те, другие люди, с которыми я стал чем-то целым...{3mm}Я понимаю, что я разделил его любознательность и принял его, как часть себя.;Nautilus Pompilius;5; 1.1
0;Юный племянник судьи Мейера говорит:{3mm} — Мне было не по душе мнение дяди о том, кем мне быть. Я нашёл себя в новом Единстве, и я искренне был с ними и верил в их дело. Единство очистило бы город от болезни, объединило бы всех. Сейчас этот шанс потерян, как был он потерян несколько раз в прошлом. Я умер, и моя мечта умерла.{3mm}Я понимаю, что я разделил его убеждённость и принял его, как часть себя.;Nautilus Pompilius;5; 1.1
0;Я бреду в тумане и споптыкаюсь обо что-то. Обшариваю руками землю и нащупываю круглый гладкий предмет.{3mm}Я держу в руках красный шар. Зря я это делаю. Но уже поздно. Моё сознание охвачено пламенем, и я загладываю в глубину. В глубине я вижу Бездну, и самое страшное то, что Бездна смотрит на меня.{3mm}Жизнь не имеет конца, как не имеет дна Бездна между человеком и вечностью. В этом самая суть жизни. Поддерживая самоё себя, распространяясь вокруг и везде, занимая мир, наполняя и постигая его. Не мужи завоевывают земли. Не разум движет Вселенной. Это делает жизнь. Крошечные частички того, что ранее было человеком, плывут по эфирам, дабы через двадцать лет и три дня достичь иного конца пропасти... {3mm}Я чувствую, как меня охватывает паника. Эти, вроде бы человеческие слова, идут от чего-то чуждого. Это заставляет поволноваться. Волосы буквально встают дыбом. Я крепко закрываю глаза и кладу шар на землю. Красное синяние внутри него затухает и гаснет.;Nautilus Pompilius;4;1
0;Я бреду в тумане, и в нём ничто не может направить меня. Но вдруг я вижу в воздухе зелёное сияние, прожилками сходящееся к одной точке. Нити сплетаются в сияющий зелёный шар - я вглядываюсь внутрь этого сияния.{3mm}Человек падает сражённым, не выпустив из рук свой револьвер. Кровь стекает по земле, переливается через край Бездны… Пропасть между человеком и иным действительно не имеет дна — но имеет иной край, как меч, имеющий две стороны клинка. Конец жизни неизбежен, и бессмысленно бежать его. Но слава человека бежит впереди его. Это ли не подлинное бессмертие?.. {3mm} — Всё это лишь искусный обман, - отвечаю я, - Слава человека - это его доброе имя и честь, человек же хорош не потому, что хочет достичь на крыльях славы иного, чем он есть, а потому, что остаётся собой и сохраняет человечность.{3mm}Шар рассыпается на зелёные нити, и я могу идти дальше.;Nautilus Pompilius; 4.5;1
0;Я бреду в тумане. Ничего не видно. Но, вдруг, я замечаю синие блики. Я иду на этот свет, пока перед моими глазами не оказывается сапфировый шар, висящий в воздухе. Я понимаю, что нужно отступить в туман, но не успеваю ответи глаза. Передо мной предстаёт видение иных земель.{3mm}...Сапфировый! Этот Город цвета чистого неба и бездонного океана! Пропорции его кажутся невероятными в этой гамме. Стены покрыты бесчисленными письменами, а улицы усеяны остатками когда-то рабочих механизмов. Даже после войны он совершенен и хранит свои тайны. Человек подходит к дворцовым воротам и говорит страже:...{3mm} — Это не мой дом! И мой дом - не ваш!<br />Этот человек - агент Аарон, но слова произнёс я сам.;Nautilus Pompilius;5; 1.1
0;Мы с Кейт идём сквозь туман. Он спустился прямо на дорогу, когда мы возвращались на базу, и теперь застилает всё пространство. Никакой возможности сориентироваться. Я пробую сообразить, что делать, но нет даже малейшего намёка на источник света - всё равномерное, мокрое… {3mm}Спускается ночь, я держ Кейт за руку, мы куда-то идём. Внезапно сестра отпускает меня.{3mm} — Кейт? - я окликаю её<br /> — ТСС! - шипит напарница. Вероятно, у неё есть план.{3mm}Через некоторое время я вновь слышу её голос:{3mm} — Закрой глаза, Ник! Закрой и прислушайся к запаху! - говорю я.{3mm}Закрыв глаза и отключив все чувства, кроме обоняния, я чувствую, что в воздухе разлит приятный аромат… Ведомые запахом роз, мы вновь возвращаемся в Салем. ;Nautilus Pompilius; 4.5;1
0;Огромный тёмный шпиль возвышается над туманами. Неровная поверхность башни, испещрённая лестницами, идущими прямо с наружней стороны, кажется сделанной из антрацита. На самом верху башни, даже с такого расстояния, можно заметить площадку под куполом. Выглядит как...маяк?..{3mm}Действительно, когда я присматриваюсь, то могу различить пирс, а также бетонную полосу, уходящую в море - на ней и стоит этот башенный маяк, древний, как само море. Со стороны берега дорогу к нему преграждают заросли розовых кустов.{3mm}Теперь я понял, почему в Салеме нет кораблей - маяк потух. <br />Нужно будет найти смотрителя и зажечь его или как он там работает. Если же смотрителя нет, надо зажечь самим. Тогда мы сможем пересчитать корабли.<br />Запишу-ка я это себе в блокнот. Нельзя упускать тот момент, когда Инструкция обретает смысл!;Nautilus Pompilius; 4.5;1
0;Я бреду в тумане и споптыкаюсь обо что-то. Обшариваю руками землю и нащупываю круглый гладкий предмет. Да кто его вообще тут оставил?! Нога болит.{3mm}Беру шар в руки. Зря я это делаю. Но уже поздно. Моё сознание охвачено пламенем, и я загладываю в глубину. В глубине я вижу Бездну, и самое страшное то, что Бездна смотрит на меня.{3mm}Мужчины с копьями, поджарые и подтянутые. Женщины почти не носят одежд. Старики в перьях выпускают струйки дыма из своих трубок. Маленькое племя, живущее на плато — и весь народ этого мира. Не знающие лживой власти денег. Не знающие войн. Как дети, они смотрят на мир открытыми глазами.{3mm}— Раздели ложе с женщинами, — говорит старуха, — дай племени новую кровь, и тогда их дети будут и твоими детьми. Наш народ станет и твоим народом!{3mm}Они говорят, как люди, но в них нет ничего человеческого. Я чувствувую презрение и ярость и, чтобы очнуться от видения, даю пощёчину самой себе. Отбрасыю шар подальше, и красное сияние внутри него затухает.;Nautilus Pompilius;4;1
0;Я бреду в тумане. Ничего не видно. Но, вдруг, я замечаю зеленоватые блики. Я иду на этот свет, пока перед моими глазами не оказывается переливающийся оттенками зелёного светящийся шар, висящий в воздухе. Я понимаю, что нужно отступить в туман, но не успеваю ответи глаза. Передо мной предстаёт видение иных земель.{3mm}...Изумрудный! Острые грани, ломаные линии, стремительные улицы! Дикие заросли и пробегающие прямо по улицам животные! Побеги стрелоцвета проросли сквозь глазницы лежащего на земле старого шлема… Несмотря на шрамы войны, город не покорился и не сдался! Человек подходит к дворцовым воротам и говорит страже:...{3mm} — Это не мой дом! И мой дом - не ваш!{3mm}Этот человек - агент Аарон, но слова произнёсла я сама.;Nautilus Pompilius;5; 1.1
0;Я бреду в тумане, и в нём ничто не может направить меня. Но вдруг я вижу в воздухе синее сияние, прожилками сходящееся к одной точке. Нити сплетаются в сияющий сапфировый шар - я вглядываюсь внутрь этого сияния.{3mm}...Бескрайний космос проплывает вокруг, Бездна остается позади. У неё действительно не было дна. Но противоположный край — был. Синеглазые не ошиблись, рассчет был точным и верным. Молния и сознание имеют электрическую природу и могут быть сохранены в банке. На скорости мысли само время течёт по иному. Три дня — и двадцать лет, суть одно: всё зависит лишь от абсолютной скорости. Конец пути уже близок...{3mm} — ЧТО ЭТО ЗА БРЕДЯТИНА?! Прочь из моей головы! - кричу я и выпускаю пули в шар, одну за одной.{3mm}Шар рассыпается на голубые нити, и я могу идти дальше.;Nautilus Pompilius;5; 1.1
0;Мы с братом идём в густом тумане. Вокруг нет ничего, что дало бы нам возможность определить направление или сориентироваться. Мои чувства напряжены до предела, я сосредоточена. Мы так и не поняли, что произошло, когда мы возвращались на базу. {3mm}Я держу брата за руку, иначе мы потеряемся. Но почему я уверена в этом?.. {3mm}Я закрываю глаза и отпускаю руку Ника. Или Габриэля. Вообще-то, у них разные руки, но сейчас это не важно. {3mm} — Кейт? - он окликает меня.<br /> — ТСС! - отвечаю я и делаю несколько шагов в сторону.{3mm}Я совсем одна. Липкий туман, тишина, только мои чувства и...запах роз, разливающийся где-то в рассвете за туманом. {3mm} — Закрой глаза, Ник! Закрой и прислушайся к запаху! - говорю я.{3mm}Ведомые запахом роз, мы вновь возвращаемся в Салем. ;Nautilus Pompilius; 4.5; 1.1
0;Огромный тёмный шпиль возвышается над туманами. Неровная поверхность башни, испещрённая лестницами, идущими прямо с наружней стороны, кажется сделанной из антрацита. На самом верху башни, даже с такого расстояния, можно заметить площадку под куполом. Зачем она там? Кто должен стоять на вершине?..{3mm}Я иду сквозь туман, ведомая запахом роз. Я прокладываю себе путь силой своей воли, сосредоточившись только на цели. Но башня не становится ближе.{3mm}Если бы кто-то зажёг огонь там, на вершине! Тогда можно было бы смотреть только на него, идти к нему. Тогда бы туман рассеялся! Тогда бы корабли вновь заходили в гавань!{3mm}Нужно зажечь этот огонь, но как?..;Nautilus Pompilius;5; 1.1
0;Моё сознание заливает зелёный цвет. Оттенки, оттенки...никогда я не думала, что могу видеть столько оттенков зелёного.{3mm}Наклонные прочные стены с малахитовыми переливами, внутри которых разместились шесть гладкоствольных и четыре нарезных орудия. Два перекрестия — полосы меди, крепят борта. Гигантский бивень, на который будут насажены те, кто пойдёт против, торчит из носа. Эта рыба умеет плыть против течения…{3mm}В пространстве разлита медная патина. Она идёт волнами из-под киля громандного, убийственного, неумолимого корабля, она превращается в острые иглы, пронзая ткань бытия - и дорога расступается, прокладываемая по прямой кораблём-ледоколом, кораблём-возмездием.<br />Он плывёт, он грядёт!!!{3mm}<span class=tech>(Образ зелёного корабля полностью захватывает тебя. Твоя воля сосредоточена в этой точке. Ты - как бивень на носу! Ты полна решимости разить врага. Срочно нарисуй то, что ты видишь, иначе тебе придётся кидаться на людей от невыраженной агрессии! Сублимируй!)</span>;Nautilus Pompilius; 4.5;1
0;Моё сознание заливает синий цвет. Оттенки, оттенки...никогда я не думала, что могу видеть столько оттенков синего.{3mm}Он был плоский, как иные миры и мысли, огромный, как гора, и стоял на самом пике, балансируя на точке опоры. Корпус был собран из Столпов, переливался космическим синим цветом и отражал бирюзовые блики подступающего бурного океана...{3mm}Огромный, сине-сапфировый, переливающийся изменчивым кристаллическим светом, плывёт эот величественный корабль через пространство с неумолимой точностью, прорезает его одной лишь силой желания попасть из одной точки в другую.{3mm}Он плывёт, он грядёт!!!{3mm}<span class=tech>(Образ синего корабля полностью захватывает тебя. Ты одержима им. Срочно нарисуй его! Как можно быстрее, иначе твоя голова разорвётся!)</span>;Nautilus Pompilius; 4.5; 1.1
0;Моё сознание заливает красный цвет. Оттенки, оттенки...никогда я не думала, что могу видеть столько оттенков красного.{3mm}Льётся коралловый свет, и я вижу множество лёгких парусников и каравелл в гавани. Алые паруса на ветру… Легкокрылые, лёгкие корабли, которые, кажется, могли бы лететь по небу. Ах, если бы сбылась моя мечта, их мечта, общая мечта мира о нескончаемости, любви, надежде… Флотилия уходит в небо на закат.{3mm}Они плывут, они грядут!!!{3mm}<span class=tech>(Образ краснопарусных каравелл полностью захватывает тебя. Ты чувствуешь невероятную печаль, печаль об ушедших прекрасных днях. Тебе хочется плакать. Срочно нарисуй флот Алых Парусов! Возможно, только ты одна способна сохранить в мире эту ускользающую красоту!)</span>;Nautilus Pompilius;5; 1.1
0;Я вижу... вижу сражения на пути домой. Вижу испытания тех, кто плывёт в гавань. Вижу кк гибнут те, кто никогда уже не вернётся…{3mm}...Чудовище не выдерживает первым, развернувшись угловатым боком. Пасти раскрываются с громоподобным ревом, и удары стальных кулаков сотрясают синий корабль. Многие удары проходят мимо, канув в безбрежном эфире брони…{3mm}...зелёный бивненосный корабль рванулся из узды, и Агрессор закружился в пируэте. Я слышу, как дрожат его колени, как волны радостного предвкушения и пробегают по его хребту. Я чувствую запах его страха — он опоздал с докладом, Дом и сам уже почуял победу. Прервав, отдаю команду, запустив цепь. Ревет Махина, а нижние верещат, предвкушая скорую добычу… {3mm}...чудовище выныривает из самых глубин Бессмысленной бездны. Его главная пасть раскрыта, готовая пожирать казалось бы все мироздание. Шесть пастей его по бокам раскрываются с громограсным ревом. Две его меньшие пасти не остают, и удары их языков, наостренных, шипастых, бьют больнее всего. Чудовище знает, чего оно хочет, и умеет выбирать добычу. Сегодня оно пожрет нас всех, весь наш алопарусный флот…{3mm}Кто из них останется в живых? Я не знаю. Потери велики, но они не теряют надежды обрести давно оставленный дом вновь. Какого цвета будет парус?..{3mm}<span class=tech>(Картины войны глубоко взбудоражили тебя. Срочно напиши картины баталий, и, даже если вокруг будут падать бомбы, это не остановит, но только подхлестнёт твоё вдохновение. Ты видела! Ты знаешь! Они плывут, они грядут!)</span>;Nautilus Pompilius; 3.8;1
0;Я стою в тумане. Ночь, но скоро рассвет. Холодает.<br />Каждую ночь я стою здесь, одетая в чёрное, еле могу разглядеть свои руки. Я совем одна, хотя за мною должны быть городские огни, должны стоять люди и тоже ждать. Но не сейчас. Сейчас жду только я.<br />Я знаю, что, если тумн рассеется, я смогу найти старый Маяк. Высокий чёрный столп, у подножия которого растут розовые кусты. Я поднимась на маяк, на самый верх. Там есть выключатели и факелы, есть кнопки, устройства...в общем, очень важно его включить.<br />Важно, чтобы маяк работал.<br />Тогда в гавань вернётся тот самый корабль, который я жду.<br />Утлая лодка, в которой измождённый, старый человек в чёрных одеждах.<br />Он говорил нам когда-то - соблюдайте заветы, а мы...а мы забыли о маяке, и теперь он тщетно ищет путь в тумане.<br />Не могу найти и я.<br />Светает.<br />В воздухе разливается запах роз.;Nautilus Pompilius; 4.5; 1.1
0; Семья собирается на обед, после приема пищи (или в его середине) пускается чаша, наполненная вином (та сама, в которую на большом ритуале стекает кровь из пресса), все делают по глотку. На стол ставится шкатулка с украшениями жертв, глава семьи достает украшения по одному, называя имя. Каждый член семьи вспоминает, что может, про эту жертву и делится воспоминаниями с семьей. Так Уиверы хранят память об умерших. Посторонние на такие обеды не допускаются.;Nautilus Pompilius;5; 1.1
0;В семье есть много, иногда противоречивых, преданий об этом винограде. Согласно одному из них, как первые люди произошли от Адама и Евы, так род Уиверов происходит от виноградной лозы. Или вот, когда лоза покрывается карминовыми неплодоносными цветами, а случается это раз в несколько лет, иногда реже, иногда чаще, ему надо жестоким образом принести в жертву одного из членов семьи, в чьих жилах течет «винная кровь». И если этого не делать, то виноград зачахнет и вместе с ним оставшиеся Уиверы. Согласно одной из вариаций, считается, что после ритуала - обновляются и сами Уиверы, чем сильнее лоза - тем здоровее семейство (на момент начала игры, по их мнению, лоза очень страдает - от былого величия остались жалкие несколько побегов, которые крайне неуютно чувствуют себя в кадка внутри дома). Есть история, согласно которой винограду больше нравится кровь самого юного из ныне живущих Уиверов, а есть, что кровь стариков, как выдержанное вино, более ценна. Есть - что надо приносить девственную кровь. Есть - что женщины лозе приятнее мужчин. Есть - что кровь с примесями “чужой” крови (крови других семей) вредит винограду.;Nautilus Pompilius;4;1
0;Мой младший брат сам принёс себя в жертву. Я помню до сих пор хруст его костей, помню и вкус его крови в вине того урожая. Мне Господь даровал крепкое здоровье и плодовитое чрево. Я помню всех их по именам, тех, кто стал моей землёй, моей лозой, моим вином…<br />Мария, Олдас, Уильям, Сесил, Энджела, Элис, Хелен. Вот моя молитва. А они? Что они знают о том, что такое жертвовать, что такое растить?!;Nautilus Pompilius;5; 1.1
0;Никто не мог приблизиться к Лозе, кроме меня. Поле сияло багрово-красным, как кровь Уиверов, но в этот раз это не была наша кровь. Два месяца вместе с моим доброй помощницей мисс М, мы похищали людей по предместьям и отдавали их Лозе. Склонность этой дамы к смерти и крови я использовала в полной мере. Впрочем, убивала я несчастных своими руками. Я искала ответы, и нашла их! О, зачем я их искала?<br />Лоза налилась кровью, она наводила ужас даже на меня. Прочие же, даже малые звери, бежали ее. Вместе с последней жертвой пришел он. Сам Дьявол!<br />Мужчина в черном, со шрамом на руке, все как рассказывали. Манерами он был обходителен, а говорил прямо и жестко:<br />“Зачем ты позвала меня?”<br />“Я? Я не звала тебя, нечистый. Я лишь искала знания”.<br />“Знание - не ваша судьба. Ты призвала меня по невежеству. Но ты выполнила часть договора, и я тоже: я пришел”.<br />“Что я сделала, чтобы призвать тебя” <br />“Ты пролила кровь на Лозу”.<br />“Но мы всегда отдаем Лозе наших детей. Почему ты не являлся раньше?”<br />“Кто же здесь зол? Поистине люди придумают то, чего не придумает дьявол”<br />“Я не понимаю тебя, Сатана” <br />“Ты убивала многих потомков, женщина, хотя нужна была только их кровь, чтобы насытить Лозу. Лишь для того, чтоб призвать меня нужен посланник в мир мертвых. В этот раз ты все сделала верно: напоила Лозу до предела и отправила посланника. Вот я здесь, но тебе не о чем говорить со мной. Раз так, я ухожу”<br />“Ты говоришь, что я убивала всех зря? Что все мы… Что все это было зря?<br />“В иной раз, дьявол может спасти от беды. Но ты убивала без смысла...”<br />Дьявол посмотрел на меня с презрением и ушел в ночь.;Nautilus Pompilius;3;1
0;АХАХАХАХАХА К чёрту это поле!<br />К Дьяволу!!!{3mm}Я бегу босиком по полю, мои юбки растрёпаны. Я пою во весь голос.{3mm}И на солнце и в грозу<br />Мы растим свою лозу,<br />Но, когда наступит ночь<br />Подарю лозе я дочь,<br />Подарю лозе я кровь,<br />Подарю свою любовь.<br />Кровь в вино - не знать нам бед!<br />Плоть для нас - причастный хлеб.<br />Ты расти-расти, лоза,<br />Закрывай, мой сын, глаза;Nautilus Pompilius;5; 1.1
0;Наша картина изображает агнца. Я выкупил её у муниципалитета, сразу, когда понял, что с картинами что-то нечисто и что с демоном надо кончать, кем бы он ни был. Не то чтобы я когда-то верил, что он демон, но я ожидал какого-то более глубинного знания или понимания мира, что ли?.. Если заключаешь с кем-то контракт, вообще-то, вежливо его соблюдать. Но эпидемия снова в городе, и где ты, демон-спаситель?{3mm}Ничто так не помогает от демонов как старый добрый экзорцизм! С картинами разберусь позже. Главное, чтобы никто ничего не испортил. Нужно решить, могу ли я доверять семье. Марианна не урождённая Сибли, она отпадает. Габриэль - что ж, он умён! Вероника и Абигайль, пожалуй не подойдут. Особенно Вероника со всем этим её рвением решать проблемы силой!;Nautilus Pompilius;5; 1.1
0;Как и всякий истинный Сибли я должен помнить в жизни и за смертным кругом всего несколько основополагающих вещей.{3mm}Быть одному лучше, чем быть вместе с кем-то.<br />Кто-то второй всегда что-нибудь испортит.<br />Поэтому всё, что задумал, делай один.{3mm}Во всяком деле стремись достигать совершенства.<br />Знай то, что жертва не искупает совершённой ошибки.<br />Необходимость жертвы, в принципе, придумана людьми, а не явлена светом Истины.{3mm}Не ешь говядину.<br />Не ешь баранину.<br />Не давай опрометчивых клятв и обещаний.{3mm}Помни, что люди испортят и лучший из планов, прими же печальный исход, и дальше иди.;Nautilus Pompilius; 4.5; 1.1
0;"Поскольку людям веры нет, я многие тексты попросту учил наизусть.{3mm}“...тогда мрак опустился на лес, и только костёр, горевший посредине перекрёстка освещал разбитые палатки и наскоро сложенные для ночёвки постели. Многие краснокожие спали прямо на сырой земле или же сидели, глядя в огонь. Тут шаман, смотревший всё время на языки пламени, что-то пронзительно закричал; другие индейцы из-за этого взбудоражились, мы, со своей стороны, насторожились, но не могли понять, в чём дело. Я заметил, что шаман вглядывается в темноту. Через какое-то время все присутствующие с тревогой всматривались в ту же точку, ожидая увидеть что-то, что видел кричавший. Когда ожидание стало совершенно мучительным, из темноты на свет выступила фигура в чёрном. <br />Это был мужчина выше среднего роста, внешность его была европейской, я бы сказал, что он выходец из Франции или Германии, если судить по чертам лица. Одет он был в странный однотонный костюм. Чёрное верхнее платье было узко и сидело вплотную по фигуре, не прикрывая бёдер, воротник, по моде белой, рубашки, был убран под ворот этого тёмного верхнего одеяния и закреплён шейным платком с причудливым узлом. Брюки на незнакомце были прямыми и по длине достигали щиколоток, обувь была без пряжек, но аккуратно начищенной. Мужчина не носил шляпы, кружев, украшений и был гладко выбрит. Глаза его были темны, но улыбка показалась мне дружелюбной, и я немного успокоился, как будто то, что этот человек улыбался, служило доказательством того, что он принадлежит человеческому роду.”";Nautilus Pompilius; 3.8;1
0;Слова старого документа отпечатались в моей памяти идеально. Я всегда хорошо запоминал тексты.{3mm}“...Человек заговорил с нами, его голос был низким и звучал нараспев, в нём было что-то ласковое, успокаивающее, вызывающее доверие. Он предлагал нам всем выход из тупика, рецепт, требовавший от нас лишь безусловной веры в успех и неукоснительного соблюдения ряда правил. С одной стороны, подобное “предложение помощи” должно было изрядно нас всех насторожить, но этого не произошло, и, напротив, мы вступили в диалог, договариваясь о том, как же мы обустроим жизнь нового горда и как назовём его. Записывать взялся юный Лоуренс Пикеринг. Временами человек в черном отзывал того или иного главу семьи в сторону и подолгу беседовал с ним о его будщей семейной традиции и будущем его потомков. Примерно к середине ночи мы пришли к единым формулировкам, устроившим все стороны, и поставили свои подписи. Когда текст был полностью закончен, и все формальности улажены, один лишь Джеймс Сибли сохранял из нас настороженность и всё ещё не доверял тому, что происходит. В конце-концов, сам человек в черном спросил Джеймса, что его тревожит, и тот ответил: <br /> — Мы все понимаем друг друга: вы, сэр, хотя вы не приплыли с нами, индейцы, и англичане. Понимаем язык, хотя до того мы с трудом переводили друг для друга.<br /> — Так случается, когда приходит момент друг друга понять, - расплывчато ответил наш ночной гость, и тогда его улыбка перестала казаться нам такой уж дружелюбной…”{3mm}Меня тоже зовут Джеймс, и я тоже люблю задавать неудобные вопросы. Это всё равно что чтить традиции предков. Впрочем, не стоит врать самому себе. Я попросту несноснейший умник, и всегда любил в себе эту черту.;Nautilus Pompilius; 3.5;1
0;Книги...Мои книги, они в огне… Вот о чём я думал, сидя в кругу ритуала. Ритуал не может не сработать. Вероятнее всего, он должен срабатывать так, чтобы забирать жизнь. Я не мог ошибиться в рассчётах. И Габриэль не мог. Он же мой сын...впрочем…{3mm}Мне больно, и у меня лопается от жара кожа. Я с интересом наблюдаю будто бы со стороны собственные мысли на пороге гибели. Я. Прав. Читаю про себя отрывок текста, накапливая злость на чертового этого демонического Сатану, чтобы ему провалиться и сгинуть!{3mm}“...Мы все будто очнулись от оцепенения и взглянули иными глазами на то, что произошло. Кто-то, посчитав, что дело в колдовстве, попробовал скрутить гостя в черном, но потерпели неудачу, наконец, мистер Фредерик Дженкинс выстрелил по незнакомцу. Звук был оглушающим. Дженкинс славился своей меткостью, тем не менее пуля не причинила никакого вреда человеку в черном, тот лишь расплылся в воздухе, затем, вновь обрёл плоть. Лицо его выражало некоторое...расстройство происходящим, и тогда впервые кто-то из нас произнёс вслух слово “Дьявол”. Гость поморщился:<br /> — Что ж, можете называть меня как угодно, в любом случае, я отведу от вас болезни и беды, пока вы будете соблюдать то, что подписали.<br />На тех из нас, кто истово верил в Господа, в тот момент снизошло понимание того, что души их проданы и прокляты навек в поколениях. Кто-то начал молиться, но сила молитвы никак не повлияла на черного человека. Шаман же индейцев тогда сказал так:<br /> — Ты, добрый дух, скрепил договор так, как крепят белокожие, но скрепи же и так, как принято у нас.<br />Человек в чёрном согласился, что требование шамана справедливо, и они смешали кровь, мы же просто наблюдали за этим чудовищным ритуалом местных безбожников и Демона Перекрёстка, не в силах вымолвить ни слова. Напоследок Демон накалил нож в огне костра.<br /> — Чтобы вы не думали, что я не вашего рода, вот вам и второе свидетельство, помимо моей живой крови, что я человек, - и он прижёг себе надрез на запястье левой руки, оставив на его месте большой ожог. Морщился и мучился он при этом, и правда, как человек, что снова ввело нас в сомнения.”{3mm}АААААААААААААААААААААА<br />ААААААААААААА<br />ААААААААААА<br />Я ГОРЮ ГОРЮ ГОРЮ МУУУУУ АААА МУУУУУУУ МУУУУУ МУУУУУУ;Nautilus Pompilius;3;1
0;ОГОНЬ ОГОНЬ ПЫЛАНИЕ МУУУУУУУ<br />ААААА МУУУУ ААААА<br />Мой разум, меж тем, чист.<br />Пылающие строки перед глазами. Я будто бы читаю их.<br />Спасибо, Роналд Ривьер, можно сказать, что в моипоследние секунды я, в какой-то степени думаю о тебе, о твоей библиотеке…{3mm}“...После этого чёрный человек шагнул назад, в темноту и исчез в ней, только мы его и видели. Индейцы снова говорили на непонятном нам языке, обсуждая произошедшее. <br />Мы пробовали, наутро, искать следы, но не нашли ничего, мало того, что-то в лесу настолько пугало разведчиков, что они наотрез отказывались возвращаться и некоторое время сидели, прислонившись к чему-нибудь ипокачиваясь из стороны в сторону. Их мучили какие-то видения.<br />Мы так и не знаем, продали мы тогда души или нет, но, устав бороться с болезнью своими способами, мы всё-таки пришли к тому, чтобы следовать Договору. Большинство из нас согласилось с этим решением, а меньшинство было вынуждено следовать за большинством. Болезнь ушла.<br />Из всех нас только вампаноаги всегда были уверены в том, что Чёрный Человек добр, желал помочь и действительно защитил нас в трудное время, а на наши возражения шаман лишь ухмылялся, отвечая, что мудростью мы ещё не скоро превзойдём его народ, если превзойдём вообще<br />James Randolf Ray Terner, 19 July, 1665”{3mm}Мои же книги - горят. Моя церковь - горит.<br />Пепел. Но помню всё дословно.{3mm}МУУУУУУУУУУУУУУУУУУУУУУУУУУУУУУУУУУУУууууагрррхххх;Nautilus Pompilius; 3.5;1
0;<span class=tech>(Вы понимаете, что картина, которую вы видите, невыразима на человеческом языке. Вы просто не знаете таких слов. Но вы всё равно пробуете говорить и описывать то, что видите, хотя понимаете, насколько ваши слова неточны. Т.е. вы осознаёте тот факт, что увиденное больше, значительнее и иначе устроено, чем вы говорите, но...не способны это описать. Зато можете рассказать гипнотерапевту об этих вот своих ощущениях.)</span>{3mm}В одной из далёких земель, у берегов Малого Сирта, жил народ людей, что искали забвения. Они выращивали растения и деревья и делали из их плодов волшебный напиток, помогавший забыть о чём угодно. В историческое время жители этой области вели оживлённую торговлю с соседними племенами. Из их страны «шла дорога в Египет». Их упоминает Геродот в описании Ливии. Их землёй обычно считали Менингу в Малом Сирте, на этот остров высаживались римляне в 252 г. до н. э. По другим сведениям, любители завбения жили близ Акраганта и Камарины.<br>Остров на Сирте ассоциировался с препятствием в виде удовольствий, с которым сталкивались путешественники.;Nautilus Pompilius; 4.5; 1.1
0;<span class=tech>(Вы понимаете, что картина, которую вы видите, невыразима на человеческом языке. Вы просто не знаете таких слов. Но вы всё равно пробуете говорить и описывать то, что видите, хотя понимаете, насколько ваши слова неточны. Т.е. вы осознаёте тот факт, что увиденное больше, значительнее и иначе устроено, чем вы говорите, но...не способны это описать. Зато можете рассказать гипнотерапевту об этих вот своих ощущениях.)</span>{3mm}Жила-была женщиной на Тирренском побережье. Была она дочерью богов и полубогиней. Вышла замуж за царя сарматов и отравила его зельями. Став царицей, женщина учинила жестокости по отношению к придворным, отчего утратила царскую власть. Бежала на просторы Океана и поселилась на острове Ээй вместе с сопровождавшими её женщинами.<br>Как-то раз она полюбила морского бога, но тот не ответил ей взаимностью. Тогда в гневе царица обратила возлюбленную бога в ужасное алчное чудовище, а их сына - в дятла.;Nautilus Pompilius;5; 1.1
0;<span class=tech>(Вы понимаете, что картина, которую вы видите, невыразима на человеческом языке. Вы просто не знаете таких слов. Но вы всё равно пробуете говорить и описывать то, что видите, хотя понимаете, насколько ваши слова неточны. Т.е. вы осознаёте тот факт, что увиденное больше, значительнее и иначе устроено, чем вы говорите, но...не способны это описать. Зато можете рассказать гипнотерапевту об этих вот своих ощущениях.)</span>{3mm}Как-то раз пятеро женщин, что были спутницами царицы, решили бросить вызов лучшим певицам и актрисам своей страны и потерпели поражение. Тогда они были обращены богами в птиц и изгнаны на остров, а из их перьев победительницы сделали себе венки.<br>Несчастным женщинам было предсказано, что они погибнут, когда кто-то из путников проплывёт мимо их острова и не остановится полушать пение. Так с ними однажды и произошло, и все они умерли, а их тела поглотил Океан.;Nautilus Pompilius;5; 1.1
0;<span class=tech>(Вы понимаете, что картина, которую вы видите, невыразима на человеческом языке. Вы просто не знаете таких слов. Но вы всё равно пробуете говорить и описывать то, что видите, хотя понимаете, насколько ваши слова неточны. Т.е. вы осознаёте тот факт, что увиденное больше, значительнее и иначе устроено, чем вы говорите, но...не способны это описать. Зато можете рассказать гипнотерапевту об этих вот своих ощущениях.)</span>{3mm}Жил в Метапонте сын бога и земной женщины. Был он вскормлен коровой и властвовал над ветрами. Когда сам он женился и поселился на острове, родилось у него шесть дочерей и шесть сыновей, которые, составляя шесть брачных пар, вели шумную, полную веселья жизнь в царском дворце отца.{3mm}Царь оказывал путникам радушный приём во время их странствований и посылал ветра в паруса их кораблей. Но также и гневался он, если кто-то обманывал его доверие, не слушая наказов и пренебрегая дарами. Таких он из своего царства выгонял ни с чем.;Nautilus Pompilius;5; 1.1
0;<span class=tech>(Вы понимаете, что картина, которую вы видите, невыразима на человеческом языке. Вы просто не знаете таких слов. Но вы всё равно пробуете говорить и описывать то, что видите, хотя понимаете, насколько ваши слова неточны. Т.е. вы осознаёте тот факт, что увиденное больше, значительнее и иначе устроено, чем вы говорите, но...не способны это описать. Зато можете рассказать гипнотерапевту об этих вот своих ощущениях.)</span>{3mm}Однажды один путешественник потерялся в дороге и решил спросить совета у мудреца, который жил под землей. Путешественник взял с собой вина, меда, мяса и они неплохо посидели за историями. Еще приходило много других, их путешественник тоже расспрашивал. В конце-концов все разошлись вполне довольные друг другом.;Nautilus Pompilius;5; 1.1
0;<span class=tech>(Вы понимаете, что картина, которую вы видите, невыразима на человеческом языке. Вы просто не знаете таких слов. Но вы всё равно пробуете говорить и описывать то, что видите, хотя понимаете, насколько ваши слова неточны. Т.е. вы осознаёте тот факт, что увиденное больше, значительнее и иначе устроено, чем вы говорите, но...не способны это описать. Зато можете рассказать гипнотерапевту об этих вот своих ощущениях.)</span>{3mm}Один рачительный хозяин очень любил животных, особенно коней и коров. Как-то раз приютил хозяин у себя в доме путников и был с ними ласков, но наказал не есть коров и не приносить их в жертву, а сам ускакал на своей колеснице. Гости нарушили завет, и были наказаны за это гибелью. Хозяин очень опечалился такому исходу дел.;Nautilus Pompilius;5; 1.1
0;<span class=tech>(Вы понимаете, что картина, которую вы видите, невыразима на человеческом языке. Вы просто не знаете таких слов. Но вы всё равно пробуете говорить и описывать то, что видите, хотя понимаете, насколько ваши слова неточны. Т.е. вы осознаёте тот факт, что увиденное больше, значительнее и иначе устроено, чем вы говорите, но...не способны это описать. Зато можете рассказать гипнотерапевту об этих вот своих ощущениях.)</span>{3mm}Жил-был в пещере в горах большой человек. Он пас овец и делал сыр, их продавал и покупал вино. Однажды к нему в дом попросились путники. Но большой человек не любил гостей. И неспроста — кончилось для всех не очень хорошо. И человек проклинал гостей, стоя на берегу моря и кидал в них всем, что попадалось под руку.;Nautilus Pompilius;5; 1.1
0;<span class=tech>(Вы понимаете, что картина, которую вы видите, невыразима на человеческом языке. Вы просто не знаете таких слов. Но вы всё равно пробуете говорить и описывать то, что видите, хотя понимаете, насколько ваши слова неточны. Т.е. вы осознаёте тот факт, что увиденное больше, значительнее и иначе устроено, чем вы говорите, но...не способны это описать. Зато можете рассказать гипнотерапевту об этих вот своих ощущениях.)</span>{3mm}Жили жестокие люди на далёком морском острове. Они сражались друг с другом и убивали всех пришлых, а потом съедали их, готовя на огне. Любой флот, что подплывал к их берегам, оказывался уничтоженным, а жестокие люди насыщались. Они были велики ростом и сильны, поэтому могли уничтожать корабли, подходящие слишком близко к их берегам, бросая в них камни.;Nautilus Pompilius;5; 1.1
0;"<span class=tech>(Вы понимаете, что картина, которую вы видите, невыразима на человеческом языке. Вы просто не знаете таких слов. Но вы всё равно пробуете говорить и описывать то, что видите, хотя понимаете, насколько ваши слова неточны. Т.е. вы осознаёте тот факт, что увиденное больше, значительнее и иначе устроено, чем вы говорите, но...не способны это описать. Зато можете рассказать гипнотерапевту об этих вот своих ощущениях.)</span>{3mm}В океане возле одного узкого пролива жили два морских чудовища, которым было очень тяжело делить пищу. Как правило, одно из них всегда оставалось голодным. И только когда мимо проходила целая флотилия, они оба могли наесться и думали: ""как хорошо"".";Nautilus Pompilius;5; 1.1
1;Вот с моря наползает туман, и больше нет ни одной звезды. Лишь бесконечная неизвестность, в которой все колеблется и ничто не имеет формы. Ты идешь сквозь туман и видишь лишь неясные тени, отдаленно напоминающие людей. Тени приветствуют тебя на своем безмолвном языке и тянут к тебе руки. Ты лишь благосклонно киваешь им и следуешь дальше. У тебя есть время. Трех дней вполне достаточно для того, чтобы обойти доверенные тебе владения и убедиться, что все в порядке.;Nautilus Pompilius;5; 1.1
1;Туман. На исходе второго дня ты уже привыкла к нему. Больше он не вызывает страха, неуверенности и даже сожалений. Подобные беспокойным волнам мысли подступают к тебе, но ты пропускаешь их сквозь себя, не двая имлишней власти. На тебя снисходит покой и уверенность. Постепенно среди теней ты начинаешь различать очертания тех, кого знала когда-то.<br>- Мистер Гиббс? Это вы?<br>- Да, мисс.<br>- Но почему вы здесь? Сюда ли вы собирались?Не напрасно ли мы помогли вам в ваших намерениях?<br>- Увы – тень улыбнулась невеселой улыбкой. - Собираясь в путешествие недостаточно запастись добрыми намерениями. Если ты едешь в гости, сперва подумай, будут ли тебя  рады принять. Но уж вашей вины в том точно нет.<br>- Вам оказались не рады?<br>- Боюсь, что так. Я так сказать плохо вытер ноги перед входом… Заявился в чужой дом грязным. Конечно, меня не были рады видеть.<br>- Я могу вам чем-то помочь?<br>- Полагаю, что справедливо было бы оставить меня моему унынию. Но вот если бы вы дали мне на прощание глотнуть того чудного напитка… Кстати, могу я спросить? Почему вы не ходите той дорогой, которой провели меня?;Nautilus Pompilius;4; 1.1
1;На исходе третьего дня ты начинаешь узнавать знакомые места. Ты бредешь сквозь туман и видишь как он складывается в дрожащие очертаниясильно обгоревшей церкви. На том, что осталось от ее крыльца сидит угрюмая тень, в отчаянии обхватившая голову руками. При твоем появлении она вскидывает голову и смотрит на тебя исподлобья.<br>- Мистер Пирс?<br>- Вернее было бы назвывать меня мистер Сибли.Во всяком случае это мне осталось…<br>- Что вы имеете ввиду?<br>- Ровно то, что я вам сказал. Я Сибли. По крови и по праву наследования семейной традиции. Как видите, в некотором роде я все же вступил в права владения. Хотя не могу сказать, что представлял себе это вот так.<br>- Вы разочарованы?<br>- Не то слово. Если бы я мог проверить будущее, то приказал бы не сжечь эту проклятую церковь, а перестроить ее в дворец.<br>- Некоторые полагают это место очень важным.<br>- Тень пожимает плечами. Не более важным, чем другие. К тому же здесь уже случилось, все, что могло…;Nautilus Pompilius;4.2; 1.1
1;Весь день ты была под дверью. Подслушивать под дверью. Это неприлично, но так захватывающе. Ты слышишь два голоса. Один знакомый, другой нет. Разговор идет давно, но ты не столько следишь за смыслом, сколько вслушиваешься в родные интонации.<br>Знакомый голос говорит:<br>- Я расчитываю на вас, мой добрый друг. Эта война должна быть закончена.<br>- А почему война это плохо?<br>- Потому что она разрушает ткань мироздания. Что говорят твои духи?<br>- Мои духи молчат. Кажется они умерли. Видимо, ты прав, белый, и пришло время перемен.<br>- Шериф был хороший человек, но теперь тебе придется наводить порядок без него.<br>- Это даже хорошо.Он мне никогда не нравился. Он не слишком любил мой народ…<br>- Вы никогда не верили в мою злонамернность. Я признателен вам за это.;Nautilus Pompilius;5; 1.1
1;Еще один день и еще один разговор.<br>- Я тобой не доволен.<br>- Это потому что я мало убивала?<br>- Нет, потому что недостаточно думала.<br>- Что мне делать теперь?<br>- Ждать и суметь узнать меня, когда я вернусь. Защищать мать. Это же ты сможешь?<br>- Я не смогу просто ждать!<br>- Тогда постарайся сделать так, чтобы… - он на минуту сосредотачивается, - Чтобы все девять семей исполняли свой долг и запомни, что корабль должен быть о Чёрных парусах.<br>- Хорошо…<br>- И не бойся Чёрного цвета.<br>- Я и не боюсь! Это же твой цвет?<br>- Это цвет смертных.;Nautilus Pompilius;5; 1.1
1;Третий день. Ты в его обьятьях. Он затягивается и подливает себе вина в бокал. Смеется. Как давно ты не видела его радостным… Ты кладешь голову ему на плечо. Как хорошо было бы заснуть так. Светло и спокойно. Хорошо бы это длилось всегда. Но у вас всего день, и нельзя упускать ни одного его мгновения… <br>Вы болтаете, вспоминаете былое и планируете грядущее. На столе перед вами расстелена карта Салема. <br>По столу в беспорядке разбросаны свечи. Их свет отгоняет клочья тумана, грозящие вползти в комнату. Они пугают тебя, заставляют ежиться словно от холода при одном взгляде на них. Он укутывае тебя пледом: «Скоро здесь будет больше огней. Просто подожди еще немного»;Nautilus Pompilius;5; 1.1
1;Он всегда говорит сложно там, где можно сказать проще. Говорит чужими словами. Зачем, казалось бы, если я вновь в его руках?.. Шекспир и просьба...<br>“Уж если ты разлюбишь - так теперь,<br>Теперь, когда весь мир со мной в раздоре.<br>Будь самой горькой из моих потерь,<br>Но только не последней каплей горя!<br>И если скорбь дано мне превозмочь,<br>Не наноси удара из засады.<br>Пусть бурная не разрешится ночь<br>Дождливым утром - утром без отрады.<br>Оставь меня, но не в последний миг,<br>Когда от мелких бед я ослабею.<br>Оставь сейчас, чтоб сразу я постиг,<br>Что это горе всех невзгод больнее,<br>Что нет невзгод, а есть одна беда -<br>Твоей любви лишиться навсегда.”;Nautilus Pompilius;5; 1.1
1;Он снова читает сонеты. Хм...Петрарка на этот раз?..Голос убаюкивает. <br>“Какое наважденье, чей увет<br>Меня бросает безоружным в сечу,<br>Где лавров я себе не обеспечу,<br>Где смерть несчастьем будет. Впрочем, нет:<br>Настолько сладок сердцу ясный свет<br>Прекрасных глаз, что я и не замечу,<br>Как смертный час в огне их жарком встречу,<br>В котором изнываю двадцать лет.<br>Я чувствую дыханье вечной ночи,<br>Когда я вижу пламенные очи<br>Вдали, но если их волшебный взгляд<br>Найдет меня, сколь мука мне приятна -<br>Вообразить, не то что молвить внятно,<br>Бессилен я, как двадцать лет назад.”<br>Мадлен Брукс;Nautilus Pompilius;5; 1.1
1;Наша семья всегда была…странной для других. Нас учили, как принимать решения в одиночку, ни с кем не советуясь. Мы читали много книг. Заучивали наизусть тексты, чтобы тренировать память. Мне это всегда давалось очень легко, а моим брату и сестре – Габриэлю и Веронике – хуже. <br>Я прилежно училась, отец возлагал на меня, кажется, много надежд. Но не мог сам себе признаться в том, что ему обидно, что те свойства ума, которые он больше всего ценил в людях, достались мне, а не Габриэлю. То есть не мужчине. Нет, я вовсе не феминистка.<br>Просто я Сибли, и горжусь этим.;Nautilus Pompilius;5; 1.1
1;Габриэль уехал учиться в Италию по совету отца. Вероника скучает по нему. Она совсем забросила свою переписку с Мэнди Брукс. Брат с сестрой меня не взяли в своё «тайное общество», поэтому мне приходилось перехватывать их письма, чтобы быть в курсе. Мне нравилось незаметно распечатывать конверты и вновь закрывать. Я была в курсе всех дел и иногда вносила в их тайны долю хаоса. <br>Теперь Габриэль будет священником, а мы все католиками, и мы будем изгонять Демона Перекрёстка из Салема. Узнав про этот план, я серьёзно поговорила с отцом. Я не верила в то, что его план настолько глуп. Я сказала, что на его месте я бы сама договорилась с Демоном (если бы он был) и заключила договор на своих условиях (если бы договоры с демонами вообще были возможны).<br>Отец ухмыльнулся и похвалил меня.<br>Ага! Вот что он задумал!;Nautilus Pompilius;5; 1.1
1;Мы собрались в церкви, Габриэль расчертил ритуал и начал произносить странные слова на латыни. Мне было достаточно всё равно, сработает или нет. Я думала, что нет. Мне нравилось, что Габриэль слеп, действуя по чужому плану, и что я – понимаю, что происходит. Поэтому я была в отличном настроении.<br>Но потом…что-то пошло не так. Раздался взрыв, церковь заполыхала. Отец сказал, что это действует ритуал, приказав нам всем не сходить с места. Любопытство во мне боролось с чувством здравого смысла и инстинктом самосохранения. <br>Последнее, что я подумала, перед тем, как сгореть: «Боже, тебя нет, конечно, но какая же я дура».;Nautilus Pompilius;5; 1.1
1;Инструкция: раскрывай забытые воспоминания по правилам только после того, как получишь причастие из рук Моргейн или Артура и сходишь на поле Ривьер к Оракулу. Раскрывай их одно за другим, от верхнего к нижнему. Это важно.<br>После того, как вспомнишь всё, приди на мастерку.;Nautilus Pompilius;5; 1.1
1;Салем всегда был дивным городом, если рассматривать его как место Силы. Давным-давно здесь случаются вещи, о которых в других местах сказали бы, что их быть не может.<br>Я выхожу из города. Он обезумел от охоты на ведьм. Я знаю, почему. Потому что мы помогли ему стать таким. Потому что новое должно сменять старое. То, что отжило, должно с достоинством умереть, а новое – расцвести буйным цветом.<br>Я иду по Полю. Это ещё не моё поле, и не наше, но оно станет моим. Меня ждут две мои подруги – Элизабет и Абигайль - те, что будут творить со мной колдовство, которое сделает одержимость преподобного Мезера ещё сильнее…<br>Ну а потом… потом надо будет сказать несколько слов, и мы останемся в силе, а ковен старушки Баттлер уйдёт в небытие. Как жаль!;Nautilus Pompilius;5; 1.1
1;В этих краях постоянно идёт дождь. По крайней мере так кажется тем, кто не знает, как верно говорить с ним, чтобы он шёл стороной. Все эти холмы, туманы… Дом, милый дом! А лес может, как известно и сам ходить…<br>Мысли путаются.<br>Так всегда, когда близко зима и Охота.<br>Мы с Мэри и Энн будем на ней зваными гостями – и я не я, если Король не будет моим!;Nautilus Pompilius;5; 1.1
1;Алые солнца, алое небо, карминовый песок. Мы будем петь на берегу, глядя на паруса наших прекрасных кораблей. Петь в последний раз – ведь мы уходим, бежим, оставляем.<br>Где ты, наша прекрасная Госпожа и зачем оставила меня?<br>Отчего нет тебя там, где мы? Почему не слышишь нас, когда взываем?<br>Неужели жёлтая жижа поглотит здесь всё необратимо?..;Nautilus Pompilius;5; 1.1
1;Мы поём, и нашшшшшшшша песня вибрируетв воздухе. Болота, подступающие к Городу, слышат её и боятся. Властью песней быть Н-хор могут даже змеи, властью песней из Н-хор можно сделать змей. Так было раньше.<br>Слушай песню, болото, мы прощаемся.<br>Грусть в нашем голосе, общем голосе.<br>Мы не оставим здесь потомство.<br>Лишь семена разнесутся по Вселенной, семеня нашего мира, мы сами…;Nautilus Pompilius;5; 1.1
1;Я одна.<br>…одна…<br>Я одна.<br>Это уничтожает.<br>Я пою во весь голос. Мой корабль разбит.<br>Я одна во всей Вселенной. Остров.<br>Песня.<br>Никто не услышит.;Nautilus Pompilius;5; 1.1
1;Инструкция: раскрывай забытые воспоминания по правилам только после того, как получишь причастие из рук Моргейн или Артура и сходишь на поле Ривьер к Оракулу. Раскрывай их одно за другим, от верхнего к нижнему. Это важно.;Nautilus Pompilius;5; 1.1
1;Сегодня мы вновь соберёмся втроём, как уже повелось. Пока мы вынуждены делать это тайно, но мисс Вайолин говорит, что это ненадолго. Со мной моя подруга Абигайль, мы держимся за руки. Я взяла с собой чайник, а у Абигайль есть домашнее печенье. На поле холодно, мы недавно болели, да и всегда приятно выпить чаю, согретого на колдовском костре!<br><br>Как хорошо, что наш дядюшка пастор ни о чём не подозревает. Это будоражит кровь!;Nautilus Pompilius;5; 1.1
1;Мне никогда не нравилась шотландская погода, но не было никаких сил оставаться во Франции, где каждый клирик норовил уличить меня в том, что я ведунья. Но я просто лечила людей!<br>Что ж, здесь не дурно хотя бы в том смысле, что Лилиан знает все входы в холмы, а Энн из местных и каждая кочка в лесу ей знакома.<br>Скоро Самайн, мы встретим его достойно.;Nautilus Pompilius;5; 1.1
1;Древний, старый мир…в нём почти нет людей, но много силы, разлитой в воздухе. Но она не нужна мне.<br>Чертов мир! Почему всё так? Она предала меня, хотя это не честно! Когда предают мужчины, это не так больно, но она… Сестра – кровь от крови, плоть от плоти. <br>Я не знаю, как пережить это.<br>Я и не переживу. Вот вода, возьми меня, вода…;Nautilus Pompilius;5; 1.1
1;Инструкция: раскрывай забытые воспоминания по правилам только после того, как получишь причастие из рук Моргейн или Артура и сходишь на поле Ривьер к Оракулу. Раскрывай их одно за другим, от верхнего к нижнему. Это важно.;Nautilus Pompilius;5; 1.1
1;Сегодня мы вновь соберёмся втроём, как уже повелось. Мисс Вайолин наверняка опять опоздает... Несколько неудобно выходит, что мы всегда её ждём. С другой стороны, мы младшие… Со мной моя подруга Элизабет, мы держимся за руки. Я взяла с собой домашнего печенья, и мне, если честно, хочется съесть его уже сейчас, а не за чаем после ритуала. <br><br>Я постоянно переживаю, что наш дядя, который пастор, Между прочим, однажды проследит, куда это его племянницы ходят на чаёк… Ну, или же нет – ведь ему нет дела до настоящих ведьм, нашими же стараниями!;Nautilus Pompilius;5; 1.1
1;Я родилась на этой земле, знаю каждую кочку в лесу и каждую тропку. Грядёт Осенняя Охота, Лилиан собирается на ней блеснуть. Мэри, наша третья подруга, только недавно присоединилась к нам. Она совсем не знает нашего обычая, её учить и учить…<br>Они обе, и Лилиан и Мэри, совсем не понимают, как зыбко наше счастье, и как всё может пойти прахом, если нас обнаружат. Что ж, это всё – моя забота! Я защищаю их, пока они танцуют;Nautilus Pompilius;5; 1.1
1;Древний, старый мир…в нём почти нет людей, но много силы, разлитой в воздухе. Но она не нужна мне.<br>Я сделала то, чего не должна была – оставила сестру, когда должна была быть рядом. Она ушла. Где она? Где её искать?.. Зачем я была так несправедлива? Я хочу найти её, попросить прощения, но её нигде нет…<br>Я не знаю, как пережить это.<br>Я и не переживу. Вот огонь, возьми меня, огонь…;Nautilus Pompilius;5; 1.1
