print;athlas;story;page;image;label;rules;scen;todos;actions;addons;{comm}{ecomm}{say}{said}Иди {page:}{3mm}{comm}{ecomm}{say}{said}Иди {page:};—;«»
1;common;gloaki;father_sickness;;;;... Отец очень слаб, и ему трудно даже сидеть в подушках. В палате душно, жарко, в том числе потому, что у постели собралась вся родня. По окнам палаты текут струйки воды — на улице дождь. Я вижу, что у отца лицо блестит от пота. Болезнь, терзающая наш город, совсем доконала его. У матери лицо такое, будто она вот-вот заплачет. Я чувствую, что и у меня самого такое же перекошенное выражение, и отворачиваюсь. Племянники смотрят в пол, сестра боится встретиться с кем-нибудь взглядом. Отцу трудно дышать{semi} кто-то поправляет его подушки. Все ждут, что он хотя бы что-то скажет, но тут его скручивает приступ удушья. У меня кружится голова.;Следует ли мне покинуть больничную палату и выйти в город? Или поддержать родственников и сказать хоть что-то уместное? А может, обсудить с доктором течение болезни отца?;{comm}Уйти из больницы{ecomm}{say}Невозможно находиться в этом помещении! Я забираю с вешалки плащ и ухожу из больницы.{said}Выходи {page:street}{3mm}{comm}Поговорить с доктором{ecomm}{say}Болезнь убивает жителей города одного за другим. Мы потеряли главу семьи, но что ждёт всех нас? Я должен поговорить с доктором.{said}Иди {page:talk_to_doctor}{3mm}{comm}Ободрить родственников{ecomm}{say}Кто-то должен прервать повисшее молчание и ободрить присутствующих!{said}Иди {page:cheer};;;;
1;common;gloaki;street;;baran;В этой Локации, чтобы СОГЛАСИТЬСЯ с выбором Гипнотизера, сбрось 1 случайный Камень из мешка (Красный, Синий или Зеленый).  В ином случае — явно возрази и сам выбери команду.;Последний месяц каждый вечер Салем окутывает липкий туман. Он подступает с реки, промозглый и тяжёлый. Его присутствие ощущается даже днём.{3mm}Я иду по улице, приподняв воротник плаща. Дождь распугал жителей и прибил туман к земле, загнал его в переулки. Из-за низких туч кажется, что уже совсем поздний час, хотя время всего лишь к ужину. Настроение моё под стать погоде. Все мы грешим унынием, особенно этой осенью, когда столь многих забирает смерть…;Пройтись ли мне по улицам, попробовав немного развеяться, или же сразу направиться домой?;{comm}Прогуляться{ecomm}{say}Дома меня никто не ждёт, поэтому я решаю немного пройтись.{said}Иди {page:for_a_walk}{3mm}{comm}Направиться домой{ecomm}{say}Дома можно будет растопить камин и выпить горячего чаю, на улице же совсем не погода для прогулок.{said}Направляйся {page:at_home};;;;
1;common;gloaki;talk_to_doctor;;;;Доктор выглядит усталым. Ещё бы, работы у него больше, чем у кого-либо ещё! И в этой работе практически нет надежды для нас. О надежде я и спрашиваю. Доктор отвечает мне, видимо, одной из стандартных фраз о том, что эпидемия не изучена, что современная наука не совершенна, но что он сам делает всё возможное, но, кажется, здесь необходимо некое универсальное, омнипотентное лекарство, найти которое пока что не удалось.<br>Всё, что говорит доктор, не кажется мне ободряющим, только лишь убеждает в том, что положение Салема незавидно, и карантин продлится ещё не месяц и не два.;Следует ли мне уйти из больницы или вернуться к родственникам и поддержать их у смертного одра отца?;{comm}Уйти из больницы{ecomm}{say}Находиться в больнице невыносимо, поэтому я иду в город.{said}Уходи {page:street}{3mm}{comm}Поддержать родственников{ecomm}{say}Я не могу оставить родственников одних в столь трудную минуту, поэтому возвращаюсь в палату.{said}Вернись в палату {page:cheer};;;;
1;common;gloaki;cheer;; -R;Сбрось 1 Красный Камень;Моя родня стоит, прижимаясь друг к дружке. Кто-то плачет, кто-то смотрит в пол, кто-то устал, как и я, и просто хочет, чтобы всё поскорее закончилось. {3mm} — Возможно, нам стоит думать об этом так, будто всё это лишь до какого-то срока, и что где-то там отец будет поджидать нас, куда уйдём все мы, когда придёт срок, — говорю я философски, и мне сразу же кажется, что мои слова — ужасная глупость.{3mm}Постоянные приступы заставляли отца кашлять — долго, непрерывно, громко, но сейчас я замечаю, что дыхание его ровное и тихое. Через некоторое время я понимаю, что отец не дышит. Матушка начинает, всхлипывая, рыдать.;Стоит ли мне поговорить с ней или же уйти, поскольку любые слова здесь оказались бы фальшивыми?;{3mm}{comm}Поговорить с матушкой{ecomm}{say}Я заговариваю с матушкой, обняв её за плечи. {said}Иди {page:talk_to_mother}{3mm}{comm}Не мешать ей{ecomm}{say}Я ухожу по-английски, не прощаясь, не желая мешать чужой искренней скорби и направлясь в город.{said}Иди {page:street}{3mm};;;;
1;common;gloaki;talk_to_mother;; -G;Сбрось 1 Зеленый Камень;Матушка вздрагивает у меня в объятиях. Я знаю, что и она больна, знаю, что скоро придётся прощаться и с ней. Поэтому уже сейчас я смотрю на неё так, будто она мертва, несколько механистично оказывая поддержку и внимание, и она понимает это.<br> — Всё проходит, пройдёт и это, — говорю я, и понимаю, что это не совсем то, что было нужно. <br> — Ты лжёшь, — сквозь слёзы отвечает мать, — эта новая чума убьёт нас всех, а помощь не придёт, ведь куда лучше изолировать нас от остального мира, оставив одних, подождать, пока все мы умрём... ;Стоит ли мне всерьёз задуматься над словами матери или, признав, что я ничем не могу помочь, уйти прогуляться туда, куда ведут все дороги — на кладбище.;{comm}Подумать над словами матери{ecomm}{say}Я размышляю над словами матери, поскольку в них есть мудрость.{said}Ступай размышлять {page:think}{3mm}{comm}Пойти на кладбище{ecomm}{say}Я смущаюсь и ухожу из больницы в сторону кладбища.{said}Отправляйся в сторону кладбища {page:graveyard};;;;
1;common;gloaki;think;;;;Болезнь давно уже стала обыденной. Изо дня в день, из часа в час, возможно, каждую минуту, она убивает кого-то из тех, кого ты знал, с кем рос, кого ещё позавчера приветствовал в баре, салютуя кружкой. <br>Поначалу мы все думали, что справимся. Что Док найдёт вакцину, что из Бостона доставят лекарство, что найдётся какой-то ключ, разгадка. Постепенно мы понимали, что нет никакой закономерности в симптомах, что даже нельзя назвать то, что происходит “эпидемией”. Мы оказались в карантине — к нам не ходят корабли по реке, не приезжают дилижансы и поезда. Мы обречены на то, чтобы день за днём ломать головы, что же мы сделали не так, почему на нас обрушились все эти беды…<br>Каждый день я раз за разом прокручиваю в голове все эти мысли. Как правило, в определённый момент накатывает тошнота, и я не могу больше думать... на время. Вот и сейчас.; Стоит ли мне пойти прогуляться в город, попытаться развеяться? Или, возможно, стоит пойти на кладбище, чтобы понять, что можно быть счастливым только тем, что ты жив? Или продолжить свои тяжёлые размышления о бытии и болезни? ;{comm}Прогуляться по городу{ecomm}{say}Прогулка — это, по крайней мере, то лекарство, которое у нас никто не отнимет. Не самое сильнодействующее, но, несомненно, дешевое и приятное.{said}Иди гулять {page:street}{3mm}{comm}Сходить на кладбище{ecomm}{say}Кладбище всегда навевало на меня философское настроение. Вдруг сейчас осенит какая-то мысль?{said}Направляйся {page:graveyard}{3mm}{comm}Продолжить размышления{ecomm}{say}Наверное, лучше никуда не ходить, а просто сесть и крепко подумать.{said}Ступай {page:obvm};;;;
1;common;gloaki;for_a_walk;obvm.jpg;;;Улицы города пустынны. Никто не гуляет под дождём. Никто не гуляет, когда в каждой семье хоть кто-то болен. Все предпочитают сидеть по домам, не зажигая яркого света. Так страх проникает в души, вместе с туманом и сыростью, так плесневеет уверенность в завтрашнем дне, так гниют надежды.<br>Дождь заглушает звук шагов, поскрипывание дверей и ставень. Постепенно темнеет. Где же все люди?;Следует ли мне вернуться домой в одиночестве или постараться найти компанию в городском баре? ;{comm}Вернуться домой{ecomm}{say}В такую погоду лучше побыстрее пойти домой, постараться согреться и уснуть{said}Иди {page:at_home}{3mm}{comm}Пойти в бар{ecomm}{say}Я должен найти хоть кого-то живого, чтобы не сойти с ума! Наверняка в баре кто-то сидит{said}Направляйся {page:to_bar};;;;
1;common;gloaki;at_home;;;;Дома я снимаю промокший насквозь плащ и трачу около получаса на то, чтобы зажечь огонь в камине. Дрова отсырели, поэтому приходится сидеть вплотную к огню, кутаясь в плед. Одновременно хочется спать, но невозможно заснуть из-за того, что никак не согреться. Тикают часы, время течёт так медленно, что кажется, что завтра никогда не наступит. ;Стоит ли мне прислушаться к тиканью, чтобы монотонный звук помог мне уснуть, или же попробовать вспомнить что-нибудь, что меня бы ободрило?;{comm}Прислушаться к часам{ecomm}{say}Я слушаю, как тикают часы и погружаюсь в зыбкую дрёму.{said}Морфей уносит тебя {page:clock_tick}{3mm}{comm}Предаться воспоминаниям{ecomm}{say}Я погружаюсь в воспоминания о том, как жила моя семья до болезни.{said}Иди {page:remember};;;;
1;common;gloaki;to_bar;; -B ;Сбрось 1 Синий Камень;Бар полон. Многие, как и я, решили придти сюда в поисках компании и утешения на дне бутылки. Вокруг царит веселье, такое безудержное, как будто для всех наступил последний день. В чём-то так и есть. Никто из нас не может знать — то ли он заболеет и завтра ляжет в больницу, а послезавтра в гроб, то ли счастливо избежит эпидемии. Я заказываю выпивку, и, выпив половину кружки, чувствую, как немного спадает тревога. Я думаю, что что-то идёт не так, что мы не всегда так жили, что раньше было иначе... но как?..;Стоит ли мне на этом остановиться и пойти домой? Или же допить кружку и постараться припомнить, что же случилось, что было ДО болезни?;{comm}Пойти домой{ecomm}{say}У меня не было плана напиваться, поэтому, довольствуясь тем, что настроение стало чуть получше, я ухожу домой.{said}Домой — это {page:at_home}{3mm}{comm}Продолжить пить{ecomm}{say}Я стараюсь не упустить свою мысль, продолжить её и отпиваю ещё глоток из кружки.{said}Ступай искать истину {page:obvm};;;;
1;common;gloaki;obvm;; -R;Сбрось 1 Красный Камень;Думать о прошлом — всё равно что читать неинтересный учебник. Оно как будто выцвело, потеряло всякий смысл, стало из яркой картины счастья просто буквами на газетной полосе. Болезнь пришла в город около трёх лет назад, и ей тогда никто не удивился, списав на влажный климат, изменение погоды. Она была для всех разной, эта болезнь, и мы не думали, что с нами всеми что-то случится, напротив, каждый винил соседа в недостаточной внимательности к своему здоровью. Мы искали причины в воздухе, климате, воде, домашних животных, но никогда — в себе. Болен ли я сам?.. Как тяжело думать об этом…;Я в растерянности. Следует ли мне пойти домой? Или прогуляться в город? Быть может, моё настроение настолько дурное, что следует потворствовать ему и прогуляться по городскому кладбищу? Или же следует никуда не идти, заказать ещё кружечку выпивки и продолжать выпивать?;{comm}Прогуляться в город{ecomm}{say}Все эти дурные мысли от духоты и шума. Нужно пойти прогуляться в город.{said}Иди {page:street}{3mm}{comm}Направиться домой{ecomm}{say}Хватит на сегодня общества и выпивки. Пора домой!{said}Домой — это {page:at_home}{3mm}{comm}Сходить на кладбище{ecomm}{say}Кладбище — хорошее место для таких, как я... все будем там, так, почему бы, не посмотреть, каково моё будущее место жительства?..{said}Иди {page:graveyard}{3mm}{comm}Продолжать пить{ecomm}{say}Зачем куда-то идти, если всё тлен? Эй, хозяин, принеси мне ещё вина Бейли!{said}Ступай {page:drink_further};;;;
1;common;gloaki;drink_further;;;;Я смотрю, как плещется вино в моей кружке, и вижу в нём своё отражение. Истина — в вине! Конечно же, болен и я, но каждый раз я пью в этом баре, и болезнь ненадолго отступает. Но не проходит окончательно. И все, кто здесь — мужчины, женщины, сам хозяин и председатель здешнего своеобразного общества, все они пьют дыхание Салемской Чумы, и с каждым днём приближаются к часу собственной смерти, хотя и не замечая того, ведь вино — лечит душу. ;;Вспомни <b>одно из своих Забытых Воспоминаний</b>: достань из книжки одну бумажку с Забытым Воспоминанием, разверни и прочитай его вслух.{3mm}Сеанс закончен, ты ПРОСЫПАЕШЬСЯ;;;;
1;common;gloaki;funeral;; -R;Сбрось 1 Красный Камень;В Салеме похороны обычно происходят вечером. Я думаю, это связано с тем, что человек не должен чувствовать никакого удобства, когда хоронят его родственника, друга или того, кого он знал. Под вечер появляется туман, тянущий свои щупальца по земле, воздух наполняется сыростью, небо сереет. Считается, что хоронить в дождь — славная примета. Природа плачет…<br>Я стою в окружении родственников около свежеразрытой могилы. Это могила для моего брата. Липкая морось оседает на лице, и остаётся только кутаться в плащ, потому что зонт вроде как не к месту. Гробовщик с помощником опускают гроб в могилу и начинают закапывать яму. Никто не торопится. Раньше землю засыпали побыстрее, за минуту-другую, но теперь, когда гробовщик постоянно пьян, у него трясутся руки, а его помощник давно уже даже не изображет старание. Время тянется медленно. Наконец, последняя лопата земли аккуратно ложится на могильный холм, и его утрамбовывают по контуру. Земля мягкая из-за влажности и хорошо слипается. Красивая вышла могила, вот бы мне такую же.;Что мне сейчас сделать? Поговорить с гробовщиком? Или утешать матушку и сестру? Или, повинуясь порыву, уйти прогуляться, скрывшись в тумане? ;{comm}Поговорить с гробовщиком{ecomm}{say}Надо заранее договориться, чтобы мне такую же красивую могилу сделал! Хотя… после смерти мне уже будет все равно{said}Говорить — так говорить, иди {page:talk_undertaker}{3mm}{comm}Утешать родных{ecomm}{say}Матушке и сестре сейчас, как никогда, требуется поддержка. От кого ж им ее еще ждать — не от этих же двух пьяных типов с лопатами!{said}Ступай {page:console}{3mm}{comm}Пройтись по кладбищу{ecomm}{say}Слезами горю не поможешь, а бестолковыми и неуместными словами — только навредишь. Им придется смириться со смертью брата, это можно только принять, пропустить сквозь душу и отпустить. А я пока хочу остаться в одиночестве.{said}Иди гулять {page:graveyard_fog};;;;
1;common;gloaki;talk_undertaker;;;;Я подхожу к гробовщику и заговариваю с ним.{3mm}Неопрятного вида мужик с длинными засаленными волосами и в высокой шляпе пространно рассказывает мне о таинствах своей благородной профессии копателя могил и о том, что нужно делать, чтобы добиться в ней совершенства, попутно объясняя механизм работы и общее устройство городского морга. Из всего, что он говорит мне, я понимаю две вещи — работа «не бей лежачего», а гробовщик совершенно пьян. Тем временем, мужичок, кажется, испытывает ко мне определённый сорт доверия, свойственный пьяным людям, которых только что кто-то выслушал. Он делает мне знак, я склоняюсь к нему. Вместе с перегаром гробовщик выдыхает мне в ухо: “Тут не всё так просто, я уверен, что это доктор подстраивает смерти, ведь — ик! — если никто не будет помирать, то ему лечить будет некого, смекаешь?..”;Стоит ли мне послушать, что ещё скажет гробовщик, или пойти проветриться после столь близкого разговора, куда-нибудь поближе к реке?;{comm}Дослушать{ecomm}{say}Пожалуй, дослушаю, что ещё скажет сей мудрец от народа {said}Отправляйся слушать дальше {page:listen_undertaker}{3mm}{comm}Уйти от гробовщика{ecomm}{say}Необходимо срочно покинуть это затхлое место и оставить этого душного человека{said}Уходи {page:graveyard_fog};;;;
1;common;gloaki;console;;;;Я подхожу поближе к семье, обнимаю сестру, чтобы она перестала дрожать от промозглого холода. Шепчу какие-то успокаивающие слова навроде: “Милая Лиззи, ну, что ты, не плачь, Джеффри наверняка уже на небесах, он тебе улыбается…”. Кажется, мой голос звучит не слишком уверенно, или моя сестра чувствует фальшь в моем голосе, потому что я и сам не верю в то, что говорю. Она плачет.<br>Главное, чтобы сейчас никто не пытался закурить...  хотя слишком сыро для сигар и трубок, скорее уж люди разойдутся по домам.<br>Мать смотрит на меня с укоризной, будто вина за смерть брата лежит на мне, будто я не уберёг его, а не Док и его санитары! Кажется, что бы я ни делал, это будет некстати!;Стоит ли мне поговорить с гробовщиком и заодно накатить с ним немного из фляжки? Или лучше прогуляться по кладбищу среди могил? Может быть, стоит уйти в туман, в сторону реки? Или лучше посмотреть, что творится на кладбище, кого ещё хоронят, посмотреть, как в землю ложатся друзья и соседи?..;{comm}Поговорить с гробовщиком{ecomm}{say}Мне необходима какая-никакая разрядка, а ее никак не получишь в обществе двух рыдающих женщин.{said}Подойди к нему {page:talk_undertaker}{3mm}{comm}Прогуляться по кладбищу{ecomm}{say}Брата, конечно, не вернуть, а вот душевное равновесие вернуть очень хочется, и неспешная прогулка очень для этого подойдет.{said}Прогулка ведет тебя {page:graveyard}{3mm}{comm}Пойти в туман{ecomm}{say}Есть в этом тумане что-то мистическое, готическое. И сейчас у меня как раз соответствующее настроение. Ну, вперед!{said}Иди вглубь тумана, {page:graveyard_fog}{3mm}{comm}Посмотреть на кладбище{ecomm}{say}Эх, что тут делать! Не развеселюсь — так хоть последние новости, может быть, узнаю.{said}Сбрось 2 Синих Камня и ступай {page:spectate~-2B};;;;
1;common;gloaki;graveyard_fog;;baran;В этой Локации, чтобы СОГЛАСИТЬСЯ с выбором Гипнотизера, сбрось 1 случайный Камень из мешка (Красный, Синий или Зеленый).  В ином случае — явно возрази и сам выбери команду.;Довольно быстро я выхожу на дорогу, вдоль которой и направляюсь к реке. По бокам от дороги чернеет лес. Придорожная пыль, которая обычно обволакивает ботинки, сейчас прибита к дороге мелкой моросью, повисшей в воздухе. Сгущается туман, но вязкий запах земли отступает перед более свежим — это с реки дует ветерок, впрочем, не настолько сильный, чтобы развеять туман.<br>Промозгло. Я поёживаюсь от холода и получше укутываюсь в плащ.;Следует ли мне свернуть по направлению к городу, вернуться на кладбище или продолжить путь вдоль реки к окраинам города?;{comm}Пойти в город{ecomm}{say}Мне совсем неуютно в этом тумане, и я решаю вернуться в город{said}Твоя дорога лежит {page:street}{3mm}{comm}Вернуться на кладбище{ecomm}{say}Настроение портится всё больше, и есть только одно место, где оно будет уместно — кладбище!{said}Направляйся {page:graveyard}{3mm}{comm}Идти вдоль реки{ecomm}{say}Я решаю продолжить путь вдоль реки и уверенно шагаю вперёд. Под ногами хлюпает.{said}Река выведет тебя {page:nightjars};;;;
1;common;gloaki;spectate;;;;Мне нравится смотреть, как хоронят людей. Прелесть этого процесса открылась передо мной совсем недавно, наверное, когда-то тогда же, когда пришло решение больше не страдать от того, что все вокруг умирают. <br>Похороны красивы. Все торжественно одеваются, никто не отпускает нелепых шуток. Общество собирается чинно, без суеты. После того, как гроб кладут в землю, принято немного поговорить о погоде, болезни, выпить рюмочку коньяка.<br>Когда земля мягкая, всё, на мой вкус, происходит слишком быстро и просто. То ли дело, когда немного приморозит. Ледышки, смешанные с землёй, похрустывают под лопатами, могильный холм будто усыпан мельчайшими бриллиантами! Туман в этот момент отступает, воздух становится чище — слышно, как хоронят на другой стороне кладбища!<br>Если бы все научились размышлять, как я! Возможно ли найти единомышненников в сумраке последних дней?..;Стоит ли мне теперь вернуться в город и немного пройтись? Или же пойти гулять в сторону реки, вдоль кромки могил? Или же продолжить наблюдать за мрачным ритуалом, размышляя о Смерти и тлене? ;{comm}Вернуться в город{ecomm}{say}Похоже, ничего нового здесь я не увижу, да и не очень хочется. {said}Направляйся {page:street}{3mm}{comm}Пойти в сторону реки{ecomm}{say}Наползающий с реки туман прямо манит меня пройти сквозь него. Почему бы и нет?{said}Погрузись в туман {page:graveyard_fog}{3mm}{comm}Продолжать наблютать{ecomm}{say}Несмотря на всю свою мрачность, похороны — захватывающий и красивый ритуал, помогающий в раздумьях на вечные темы{said}Ступай же {page:death_and_decay};;;;
1;common;gloaki;graveyard;;baran;В этой Локации, чтобы СОГЛАСИТЬСЯ с выбором Гипнотизера, сбрось 1 случайный Камень из мешка (Красный, Синий или Зеленый).  В ином случае — явно возрази и сам выбери команду.;Я брожу среди могил. Многие из них совсем новые — памятники болезни. Салем изменил идеалам демократии, и теперь правит Королева “Чума”. Мы так зовём её иногда...  смешно!<br>Среди памятников встречаются скульптуры. Ангелы плачут над урнами праха, безутешные девы склоняются над могилами. Некоторые из них кажутся живыми. “Карр!” — ворон требует отдать ему глаза. Не сегодня, дружище, не сегодня…{3mm}Слышно, как поют козодои, и как где-то закапывают очередную могилу.;Стоит ли посмотреть на похороны? Или пойти в бар и пропустить кружечку? А может, лучше сходить к врачу? ;{comm}Посмотреть на похороны{ecomm}{say}Есть в ритуале похорон какая-то своя торжественная красота. Хочется ей полюбоваться.{said}Шагай {page:spectate}{3mm}{comm}Пойти в бар{ecomm}{say}Я уже насмотрелся на мертвых, теперь очень хочется пообщаться с живыми.{said}Направляйся {page:to_bar}{3mm}{comm}Сходить к врачу{ecomm}{say}Здоровье в наше время — большая ценность, стоит относиться к нему бережно!{said}Иди {page:to_doctor};;;;
1;common;gloaki;listen_undertaker;; -B;Сбрось 1 Синий Камень;Я понимающе киваю гробовщику, и мы делаем ещё по глотку из фляжки. Запах перегара, кажется, впитался в одежду старика. Он продолжает нашёптывать мне прямо в ухо, всё повышая и повышая голос:<br> — Ты меня послушай, я верно говорю! Наш Док, пусть и семи пядей во лбу, а хитрый человек, человек сомнительный, ушлый! Все эти смерти ему на руку. А ещё, посуди сам... вот ты пробовал за ним следить? Он же не устаёт на самом деле, он только притворяется усталым… Знаешь, что я тебе скажу? <br>Гробовщик наклоняется совсем вплотную, я чувствую его дыхание и принимаю вид заинтересованный и серьёзный.<br> — Послушай, я почти уверен… Наш док...  ВАМПИР. Я бы засадил в него кол и отрубил голову лопатой, но, знаешь, я, кажется, хиловат для такого...  и каждый раз, когда я собираюсь с духом...  в общем...  мне страшно. Но, верь мне, он пьёт нашу кровь в этой своей больнице! Никто же его не видел в светлое время суток, да!..{3mm}Кажется, с меня хватит.;Пойти ли мне прогуляться по городу, или направиться в бар?;{comm}Прогуляться по городу{ecomm}{say}После разговора с этим доморощенным мудрецом просто необходимо прогуляться и выветрить из себя запах алкоголя!{said}Иди {page:street}{3mm}{comm}Пойти в бар{ecomm}{say}Мне хочется догнаться чем-нибудь покрепче того дрянного пойла, что было во фляге у рабоника кладбища. {said}Ноги сами несут тебя {page:to_bar};;;;
1;common;gloaki;death_and_decay;; -G;Сбрось 1 Зеленый Камень;Что мы знаем о Смерти? Никому не удавалось заглянуть за грань и вернуться… Салем, окутанный тёплым саваном, скоро задохнётся, сгниёт, иссушится, так и не перестав мечтать о перерождении, о том, чтобы обмануть время и беспощадную поступь судьбы. Никто не обманывал смерть, но каждый, так или иначе, живёт в иллюзии бессмертия, рассчитывая на то, что его минет чаша с ядом неизбежности. Как жаль, что мы все стали стариками, избавившись от этих иллюзий. Как хорошо, что мы сделали это всем городом, вместе, когда мы ещё были так едины?.. Как страшно, что мы отвернулись друг от друга, но не взялись за руки, не шагнули за черту плечом к плечу, чтобы раствориться друг в друге, познать единственную неоспоримую истину жизни…{3mm}С одной стороны, мои размышления будоражат меня, с другой — к горлу подступает тошнота, и сладковатый запах земли и могил заставляет меня думать больше о свежем воздухе, чем о проблемах бытия.;Что мне делать? Прогуляться к реке, вернуться в город, или бросить эти раздумья?;{comm}Пойти к реке{ecomm}{say}Здесь как-то душно, у реки должно быть посвежее, и там я смогу вдохнуть полной грудью.{said}Шагай {page:graveyard_fog}{3mm}{comm}Вернуться в город{ecomm}{say}Хватит с меня на сегодня кладбища — назад, к живым людям!{said}Иди {page:street}{3mm}{comm}Перестать думать об этом{ecomm}{say}Хоть я себя и чувствую паршиво, но мыслями о смерти себе не поможешь!{said}Решив так, ступай {page:shooting};;;;
1;common;gloaki;to_doctor;;;;Больница — это не очень большой дом, деревянный, на высоком каменном фундаменте. Сейчас все комнаты дома заполнены, во всех окнах горит свет. Вокруг больницы есть ещё несколько построек, в том числе зловеще выглядящий в своей обыденности морг с ледником. Все знают, где это невзрачное здание, но хотели бы забыть.{3mm}Я стою на пороге. ;С чем я войду внутрь, что для меня больница?;{comm}Больница дарит надежду{ecomm}{say}Больница — оплот надежды на то, что Болезнь будет побеждена!{said}Надеясь и веря, ступай {page:in_hospital}{3mm}{comm}Больница несет отчаяние{ecomm}{say}Больница — не дом, а повозка в форме гроба, едущая к воротам смерти!{said}Войди же {page:no_exit};В этой ситуации Гипнотизер тебе не советчик. То, как ты относишься к больнице — это твой и только твой выбор.;;;
1;common;gloaki;pharmacy;;;;Я стою в аптеке, моя очередь следующая. Очередь достаточно длинна и уходит на улицу. Я до сих пор ёжусь, потому что стоять пришлось долго. Всем сейчас нужны лекарства. Внутри аптеки помещается совсем мало людей, дверь постоянно открыта. Аптекарь, тощий мужчина, отпускает лекарства, изредка перекидываясь парой слов с посетителями. Иногда он уходит куда-то вглубь аптеки и появляется только через пару-тройку минут, с какой-нибудь микстурой в руках.  <br>Аптека сейчас — место надежд, место, где люди ещё не прекратили разговаривать друг с другом.;Надо подумать, чем мне сейчас заняться? Взять лекарство и уйти? Или обсудить выписанный Доктором рецепт? А может, поговорить с аптекарем про болезнь?;{comm}Взять лекарство и уйти{ecomm}{say}Не хочется задерживать очередь — вдруг эта задержка будет стоить кому-нибудь жизни!{said}Забирай свое лекарство и уходи {page:near_pharmacy}{3mm}{comm}Обсудить рецепт{ecomm}{say}Надо же понять, что мне Доктор прописал, как это работает и поможет ли! Я не собираюсь пить что попало!{said}Сбрось 1 Синий Камень и ступай {page:discuss_receipt~-B}{3mm}{comm}Обсудить болезнь{ecomm}{say}Возможно, мне стоит обсудить с аптекарем болезнь, описать симптомы получше, вдруг он подберёт что-то новое. Аптекарь, хоть и не Доктор, но тоже образованный человек. {said}Сбрось 1 Синий Камень и иди {page:discuss_sickness~-B};;;;
1;common;gloaki;near_pharmacy;; -G;Сбрось 1 Зеленый Камень;На улице промозгло, люди жмутся друг к другу. В очереди больше человек, чем успеют обслужить до закрытия. Скорее всего, кто-то останется без лекарств. За время Болезни и карантина города люди куда больше тратили, чем зарабатывали. Салем живёт только сельским хозяйством уже второй год. Скоро денег на лекарства совсем будет не хватать. Я это понимаю, и все в этой очереди это понимают. Не только Болезнь, но и бедность подступают к нам, и грядёт трудное время… Оно страшит меня.;Что же мне, так и торчать на улице? Лучше пойти домой. Или, может, в бар?;{comm}Домой{ecomm}{say}Здесь сыро, ветрено и мерзко. А дома меня ждет уютно потрескивающий камин, теплый плед и горячий чай. Скорее туда!{said}Скорее беги {page:at_home}{3mm}{comm}В бар{ecomm}{say}По такой погоде еще инфлюэнцу не хватало подхватить! А от нее лучшее средство — хорошая порция старого доброго виски! Пойду-ка я в бар{said}Иди {page:to_bar};;;;
1;common;gloaki;discuss_receipt;;;;Я протягиваю аптекарю рецепт, и уточняю, всё ли верно. Аптекарь кивает. Тогда я спрашиваю, не появилось ли лекарства лучше, чем мне выписано. Аптекарь уверяет меня, что в случае указанного диагноза состав и свойства препарата самые подходящие. Вряд ли можно сейчас найти в аптеке и среди лекарств, которые изредка доставляют в город, что-то более уместное, чем прописал Доктор. Что и говорить, можно было бы не переспрашивать. Доктор заботится сейчас обо всём городе, он настоящий учёный, честный человек, радеющий за пациентов. Так что волноваться не о чем, в рецепте всё верно, и добавить или посоветовать нечего.;Стоит ли мне взять лекарство и пойти домой, или направиться в больницу на обследование? ;{comm}Пойти домой{ecomm}{say}Нечего больше отвлекать занятого человека — пойду домой лечиться. {said}Иди {page:near_pharmacy}{3mm}{comm}В больницу{ecomm}{say}Заботишься о своем здоровье — иди в больницу! Так всегда говорила бабушка. Светлая ей память... {said}Иди {page:to_doctor};;;;
1;common;gloaki;discuss_sickness;;;;Я решаю описать аптекарю свои симптомы. Говорю, что меня беспокоят приступы удушья, кашель, что повышается температура и что иногда я забываюсь в жутких приступах, а прихожу в себя, только если мне дают лекарство или глотнуть спиртного. Аптекарь, выслушав меня, интересуется, был ли я у врача. Я отвечаю, что был, и что у меня есть рецепт от него, но лекарство дороговато, и нет ли чего-то подешевле, ведь не похоже, что Болезнь возьмёт и разом закончится, а деньги нужно экономить… Аптекарь укоряет меня за то, что я  задерживаю очередь, но предлагает на выбор ещё пару лекарств, по меньшей цене, но и не таких эффективных.;Стоит ли мне купить прописанное лекарство, или то, что подешевле?;{comm}По рецепту{ecomm}{say}Доктор плохого не посоветует, раз он сказал это — его и надо взять. Экономить на здоровье нельзя.{said}Иди {page:discuss_receipt}{3mm}{comm}Взять что подешевле{ecomm}{say}Лекарство я беру не первый и, увы, не последний раз, а денежки-то не казенные!{said}Ступай {page:poverty};;;;
1;common;gloaki;in_hospital;;;;Внутри больницы много людей. Кто-то пришёл навестить родных и ждёт, когда его пригласят на второй этаж, кто-то ждёт, когда доктор их примет. Сейчас, во время эпидемии, пациентов настолько много, что Доктор не успевает ездить по всем домам, даже вместе со своими помощниками. Горожане, из тех, кому это по чину, сами приходят в больницу, и я среди них. Я вижу, что на всех лицах есть след той же эмоции, что охватывает и меня — надежды на лучший исход. Мы очень доверяем Доктору, санитарам, всем, кто сейчас борется с болезнью, и мы знаем, что Док поможет!;Стоит ли мне поговорить с людьми, пока я жду, или же молча ждать, когда меня пригласят на приём?;{comm}Пообщаться с пациентами{ecomm}{say}Все не так тоскливо будет ждать приема. Может, и узнаю что нового.{said}Подсядь поближе к другим посетителям {page:talk_patients}{3mm}{comm}Молча ждать{ecomm}{say}Рассказы о болезнях других людей в худшем случае расстроят меня, в лучшем — оставят равнодушным. Зачем лишний раз огорчаться?{said}Сиди и жди, пока тебя не вызовут {page:appoint};;;;
1;common;gloaki;no_exit;in_hospital.jpg; -G;Сбрось 1 Зеленый Камень;Внутри больницы много людей. Кто-то пришёл навестить родных и ждёт, когда его пригласят на второй этаж, кто-то ждёт, когда доктор их примет. Сейчас, во время эпидемии, пациентов настолько много, что Доктор не успевает ездить по всем домам, даже вместе со своими помощниками. Горожане, из тех, кому это по чину, сами приходят в больницу, и я среди них. Я вижу, что на всех лицах есть след той же эмоции, что охватывает и меня — ощущение безысходности, безнадёжности, близкое к отчаянию. Мы все гниём в могиле уже сейчас, и нам только кажется, что мы живы. Мы обратимся в тлен раньше, чем настанет будущий год. Всё будет так. Исхода нет.;Остаться ли мне здесь и поговорить с людьми? Или немедленно уйти куда-нибудь в город? А может, пойти на кладбище?;{comm}Поговорить{ecomm}{say}Раз уж я сюда пришел — надо поговорить с Доком. А пока он занят, пообщаюсь с ждущими приема.{said}Отправляйся общаться {page:talk_dull_patients}{3mm}{comm}Уйти в город{ecomm}{say}Действительно, что это меня занесло в это гиблое место? Скорее на улицу!{said}Выходи {page:street}{3mm}{comm}Пойти на кладбище{ecomm}{say}Именно кладбище сейчас полностью соответствует моему текущему настрою. Отправлюсь-ка я побродить между могил.{said}Кладбищенская дорога ведет {page:graveyard};;;;
1;common;gloaki;talk_dull_patients;talk_patients.jpg;;;Я здороваюсь с несколькими знакомыми людьми, ожидающими своей очереди и завязываю беседу. Как и всякая беседа в Салеме, мы вскоре начинаем говорить о Болезни.<br> — Мне совсем не помогает моё лекарство! — говорит старик Уоткинс, — Приступы подступают снова и снова, я чувствую себя старой собакой, которую пора пристрелить!<br> — Я раз за разом прихожу в больницу, благодаря Бога за то, что жива, — подхватывает миссис Браун, — Но каждый раз, возвращаясь, я иду на исповедь, поскольку гневалась и проклинала секунды мнимой надежды на выздоровление!<br> — Моя сестрёнка умерла на позапрошлой неделе, и сейчас я болею тем же самым, что она, — тихонько добавляет Эбигайль Смит, девчонка лет четырнадцати, — Я думаю, что скоро мы с сестрой снова будем вместе.<br>Я меж тем думаю, что у нас осталось всего двенадцать полей из восемнадцати, и что зима будет тяжёлой. Общество меня тяготит. ;Может, не идти к Доктору вообще, а выйти на улицу? Или таки дождаться приема?;{comm}Уйти из больницы{ecomm}{say}Какой смысл во всем этом? Все равно мы все умрем, днем ли раньше, днем ли позже… Пойду пройдусь... {said}Иди пройдись {page:street}{3mm}{comm}Дождаться приема{ecomm}{say}Ну что ж, послушаем, что нам скажет Док{said}Входи в его кабинет {page:appoint_dull};;;;
1;common;gloaki;appoint_dull;appoint.jpg; -R;Сбрось 1 Красный Камень;Я вхожу в кабинет Доктора. Окно распахнуто настежь, несмотря на достаточно сырую осеннюю погоду. По всей видимости, нужно, чтобы выветривался запах спиртного после Уоткинса: как известно, Доктор не терпит нарушений в своих предписаниях, а он настоятельно всем запретил пить, курить и волноваться. <br>Доктор суров. Он видит меня насквозь: весь мой скепсис, всю мою боль, все мои попытки солгать себе. Поэтому то, что я ему говорю — не очень важно. Это не первое моё посещение, и на самом деле мне всего лишь нужен новый рецепт для аптеки.<br>Мы оба немногословны и не хотим видеть друг друга. Я направлюсь в бар, как только выйду отсюда, а также совсем не собираюсь избавляться от ещё отцовских запасов сигар. Доктор про это знает. В последнее время он знает о людях куда больше, чем мистер Джаннини, и это тревожно.;Приём закончен. Следует ли мне отправиться в город и затем в бар, как и было запланировано, или обмануть всех, включая себя, и отправиться гулять на кладбище? ;{comm}В город{ecomm}{say}Пожалуй, если это и не самое разумное, что я сейчас могу предпринять, то одно из наименее противных — точно. Какая-никакая компания, собутыльники… Может, удастся забыться...  {said}Выходи из больницы и иди {page:street}{3mm}{comm}Пойти на кладбище{ecomm}{say}Есть в этом какой-то черный сарказм, но сейчас эта мысль мне даже нравится.{said}Направляйся {page:graveyard};;;;
1;common;gloaki;poverty;;baran;В этой Локации, чтобы СОГЛАСИТЬСЯ с выбором Гипнотизера, сбрось 1 случайный Камень из мешка (Красный, Синий или Зеленый).  В ином случае — явно возрази и сам выбери команду.;Нищета не способствует здоровью! Если я буду тратить слишком много денег сейчас, то как и чем я буду лечиться потом? Если все мы больны, если приступа можно избежать, если здоровый образ жизни поможет мне справиться, а если не он, то старый добрый виски, то зачем я буду самостоятельно сокращать срок своей жизни путём растраты денег, которые завтра понадобятся для лекарств?! {3mm}Я отстёгиваю аптекарю положенную сумму и кладу бутылку с пилюлями в карман. Болезни так просто меня не взять! Что бы сделать теперь? ;Прогуляться по городу или пойти домой?;{comm}Пройтись по городу{ecomm}{say}Прогуляюсь, пожалуй. Прогулка — это, по крайней мере, то лекарство, которое у нас никто не отнимет. Не самое сильнодействующее, но, несомненно, дешевое и приятное.{said}Иди гулять {page:street}{3mm}{comm}Пойти домой{ecomm}{say}Дома тепло, светло, сухо, и не стоит гнетущий запах лекарств и болезни. Похоже, сейчас тепло родного дома — это именно то, что мне нужно.{said}Иди {page:at_home};;;;
1;common;gloaki;nightjars;; -G;Сбрось 1 Зеленый Камень;Чем ближе к реке, тем более вязкой становится почва под ногами. Ботинки чавкают по грязи. Приходится постоянно смотреть под ноги, чтобы не угодить в глубокую лужу или не поскользнуться. Дорога, как ни странно, нахоженная. Вдоль реки, у самых туманов, живут в хлипких деревянных домиках бедняки — рыбаки, работники доков, пришлые… Хотя воздух здесь чище, свежее, присутствие болезни чувствуется повсюду. Именно с реки приходит туман. Когда я иду мимо хибар, изнутри раздаётся покашливание. Я стараюсь ускорить шаг, насколько это возможно.<br>Издалека донесся жалобный плач козодоя — это был верный признак того, что одна часть горизонта уже очистилась от грозовых туч. Ему пошел вторить другой, и скоро многоголосый хор этих птиц наводнил всю округу своими оглушительными стенаниями. ;Может, вернуться в город? Или идти дальше, в сторону индейского поселения?;{comm}Вернуться в город{ecomm}{say}Действительно, что это меня потянуло в эту промозглую глушь! Скорее назад!{said}Назад — это {page:street}{3mm}{comm}Идти дальше{ecomm}{say}Какой смысл уходить, когда я уже так далеко зашел? Только вперед! Да и какая разница уже, куда идти, все равно куда-нибудь приду.{said}Ступай дальше {page:to_indians};;;;
1;common;gloaki;to_indians;;;;Узкие тропинки и впадины неясной глубины пересекают дорогу, а переброшенные через них грубо сколоченные мостки кажутся довольно опасными. Дорога начинает идти под уклон, появляются участки болотистой местности, вызывающие инстинктивную неприязнь, а нынче — настоящий страх из-за стрекота невидимых козодоев, светлячков, танцующих в необыкновенном изобилии, хриплого и резкого, неприятно настойчивого свиста жаб. Узкая сверкающая лента реки напоминает змею, когда она, изгибаясь, подходит к подножию куполообразных холмов, у которых располагается индейское поселение. <br>Я не подхожу ближе и смотрю издалека. Мне известно, всем в городе известно, что именно отсюда разошлась зараза, что именно индейцы разбудили её. Сейчас уже ничего не поделаешь, но...  Салем помнит!;Что ж, пора уходить, не стоять же здесь до самой ночи! Но куда мне направиться — в город, к себе домой или к врачу?;{comm}В город{ecomm}{say}Пойду в город, еще немного проветрюсь и отправлюсь домой{said}Направляйся {page:street}{3mm}{comm}Домой{ecomm}{say}В тепло, к свету, к родным! Там уютно потрескивает камин, там светло, и, будем надеяться, уже готов ужин.{said}Родной дом манит тебя {page:at_home}{3mm}{comm}К врачу{ecomm}{say}Кажется, я зря пришёл в эту заражённую местность, и стоит проверить, не заболел ли я.{said}Дорога к больнице ведет {page:to_doctor};;;;
1;common;gloaki;talk_patients;;;;Я здороваюсь с несколькими знакомыми людьми, ожидающими своей очереди и завязываю беседу. Как и всякая беседа в Салеме, наша вскоре сводится к Болезни.<br> — Я считаю, что в эпидемии виноваты грёбанные нигги, — шамкает старик Уоткинс, — Они, как крысы, разносят всякую дрянь, лезут во все дыры. Пройти по улице нельзя спокойно! Из дома вышел — сразу нигга! Откуда они вообще взялись в наших краях?! Понаехали, понимаешь!<br> — Ахилл Паррис, наш пастор, дай Бог ему здоровья, говорит, что Болезнь пришла от тех, кто не с Богом! Негры же, как-никак, крещены, а вот…, — миссис Браун осекается и добавляет полушёпотом, — Вообще-то я думаю, что он намекал на индейцев.<br> — Моя сестрёнка умерла на прошлой неделе, а сегодня ночью я видела её во сне, и она говорила, что виноват аптекарь, потому что он еврей и подмешивает к лекарствам мышьяк! — заявила юная Эбигайль Смит, — Мне бы не хотелось, чтобы это было правдой, но ведь духи не врут!<br>Ох, не объяснять же ей, что никаких духов не существует, сколько бы индейский шаман ни болтал про это! Беседа меня несколько утомляет.{3mm}Наконец, подходит моя очередь, и я вхожу в кабинет Доктора;;Войди {page:appoint};;;;
1;common;gloaki;appoint;;;;Я вхожу в кабинет Доктора. Окно распахнуто настежь, несмотря на достаточно сырую осеннюю погоду. По всей видимости, нужно, чтобы выветривался запах спиртного после Уоткинса: как известно, Доктор за здоровый образ жизни, и его расстраивает, когда жители города, о которых он так радеет, не следуют его советам.<br>Доктор осведомляется, как мои дела и, убедившись, что моё состояние стабильно, а приступы не беспокоят меня столь часто, сколь раньше, делает несколько записей в моей карте. <br>Конечно, он знает, что я слегка выпиваю и что раньше не прочь был покурить, поэтому мягко журит меня, напоминая, что на карте моя жизнь и здоровье. Наконец, он воодушевляет меня тем, что привезли новые лекарства, куда лучше прежних. Они скоро поступят в аптеку, но он, пожалуй, мог бы дать мне один пузырёк прямо сейчас, если я обещаю оплатить затем его стоимость. Лекарство, надо сказать, не дешёвое, но я всё равно соглашаюсь. Я верю в Доктора и это новое лекарство.;Приём окончен. Что же мне делать теперь? Отправиться в город, пойти домой или прогуляться к реке? ;{comm}В город{ecomm}{say}Пожалуй, пройдусь немного, подышу свежим воздухом.{said}Иди {page:street}{3mm}{comm}Домой{ecomm}{say}Я изрядно устал от разговоров о болезни, да и вообще притомился. Пожалуй, пора отправляться домой и лечь спать.{said}Отправляйся {page:at_home}{3mm}{comm}Пойти к реке{ecomm}{say}Мне захотелось прогуляться в сторону реки, неподалеку от кладбища. Не вижу, почему бы мне не сделать этого.{said}Отправляйся {page:graveyard_fog};;;;
1;common;gloaki;clock_tick;;;;Тик-так, тик-так. Часы отбивают оставшееся мне время. Странно, что я замечаю это только сейчас, только когда смерть подступила совсем близко к каждому. Все мы одиноки в смертный час, но и в минуты любви, если подумать, тоже. Горе, казалось бы, проще делить с ближним, ведь вы одинаково несчастны, и никто не позавидует другому. Корни сочувствия в отсутствии предмета для зависти. Но когда несчастье становится повседневностью, в какой-то момент — тик-так — наступает отчуждение. Каждый замирает в тишине, предчувствуя собственный конец, в страхе замирая, прислушиваясь — тик-так, тик-так, — к тому, как бьётся сердце, к бренному своему телу, которое — тик-так, — в каждый новый момент может зайтись в приступе болезни. Но не сейчас, не сейчас, не сейчас, пожалуйста, не сейчас... .{3mm}Я вздрагиваю, очнувшись от дрёмы. Перед глазами стоят лица родственников, которые лежат в сырой земле. Я так скучаю. Пожалуй, нужно навестить их на кладбище, как они там, без меня? Наверное, тоже скучают, поэтому и зовут, вот так, через туман, время и землю. ;;Тик-так, — продолжают отстукивать часы. Их тиканье ведет {page:graveyard};;;;
1;common;gloaki;remember;; -B;Сбрось 1 Синий Камень;Давным-давно, в  том мире, в котором ещё светило солнце, а счастье ходило рядом с нами по улицам, но мы не замечали его, у меня была семья. Отец строил дома — добрая треть Салема была отстроена по его проекту, все новые дома, меж которых я сейчас гуляю впотьмах, напоминают мне об отце. Матушка готовила прекрасный яблочный пирог. Её звали Эбигайл, как и мою младшую сестру. Сестра любила играть с мячом, петь в церковном хоре и собиралась выйти замуж непременно за судью. Она умерла первой, даже раньше дедушки Винсента. Он был крепкий старик, и последним делил со мной кров. Я скучаю по ним.{3mm}Тик-так, тик-так, — отстукивают часы. Мне кажется, я каждый день забываю о чём-то очень важном, или уже навсегда забыл.;Поддаться убаюкивающему тиканью, или попытаться пробудить и себя, и свои воспоминания?;{comm}Подремать немного{ecomm}{say}Я позволяю тиканью убаюкать меня, и Морфей уносит меня в своих объятиях куда-то глубоко... {said}… прямиком {page:clock_tick}{3mm}{comm}Пробудить воспоминания{ecomm}{say}Я обязательно должен ухватить то важное, что кажется мне забытым! Без этого все бессмысленно! {said}Вырываясь из объятий дремы, беги {page:awake_memory}{3mm};;;;
1;common;gloaki;awake_memory;; -B;Сбрось 1 Синий Камень;Что тяготит меня в сумерках, а потом в темноте, когда силы зла властвуют над городом безраздельно? Что я упускаю в жёлтом неярком свете фонарей, в муторных заботах о несуществующем здоровье, в попытках выживать? О чём я забываю? Что меня так тревожит?;;{comm}Что все смертны{ecomm}{say}Так приятно забыть, что все уснут в холодной могиле. Что ж, мне надлежит помнить об этом всегда. Поэтому самое время пойти на кладбище, чтобы закрепить своё прозрение.{said}Ступай {page:graveyard}{3mm}{comm}Что я болею{ecomm}{say} Конечно же, это ведь так неприятно признавать, ощущать смертность, болезненность, давление общего рока. Каждый из нас стремится забыть, что болен. Что ж, раз я вспомнил, нужно сходить к врачу!{said}Иди в больницу {page:to_doctor}{3mm}{comm}Каким раньше был Салем{ecomm}{say}Город сильно изменился с того времени, как болезнь пришла. Раньше всё было иначе!{said}Воспоминания ведут тебя {page:old_salem};В этой ситуации Гипнотизер тебе не советчик. Только ты можешь понять, о чем ты забываешь;;;
1;common;gloaki;shooting;;;;Некоторое время я думаю, как бы одновременно взбодриться и сосредоточиться и, наконец, стреляю в воздух из своего пистолета. От резкого звука кладбищенские вороны взлетают к тёмно-серому небу и громко каркают. Я жадно втягиваю ноздрями запах пороха и, ускорив шаг, покидаю кладбище, пока меня не застали врасплох.{3mm}Я вспомнил, теперь я вспомнил точно! Люди умирали только раньше, когда-то давным-давно, а сейчас не умирают на самом деле! Живые стали как мёртвые, они ходят по улицам, подобно мертвецам, и не находят себе места. Мёртвые, как живые, восставшие из могил тела, они живее живых теперь. Солнце больше не сжигает, ветер не сушит их влажную кожу, они здесь, рядом, мне следует торопиться... ;;Вспомни <b>одно из своих Забытых Воспоминаний</b>: достань из книжки одну бумажку с Забытым Воспоминанием, разверни и прочитай его вслух.{3mm}Сеанс закончен, ты ПРОСЫПАЕШЬСЯ;;;;
1;common;gloaki;old_salem;;;;Я закурил крепкую сигару из давних отцовских запасов табака. Сейчас-то сигар совсем не осталось! И я вспомнил! Салем раньше был совсем не таким. Мы не бродили разобщённо по улицам, встречаясь только на похоронах, в баре или в больнице, не избегали друг друга!<br>Салем жил размеренной жизнью, и каждый был занят своим делом, традиционным для его семьи. Мы все соблюдали обычаи, знали, чем живёт сосед, старались помогать ближнему. Мы все так или иначе работали на полях, и 18 землевладельцев составляли совет Города, который фактически управлял Салемом и разрешал сложные ситуации, помогая мэру и муниципальным властям.{3mm}С чего же всё началось?.. Ах, да, Роджерсы продали поле и переехали в Бостон, а за ними уехали Бруксы, а потом умер старик Ли, так и не объяснив своему сыну, что же делать с полем, Фредерик Ли всегда был прижимистым и скрытным, но никто не думал, что до такой степени... ;;Вспомни <b>одно из своих Забытых Воспоминаний</b>: достань из книжки одну бумажку с Забытым Воспоминанием, разверни и прочитай его вслух.{3mm}Сеанс закончен, ты ПРОСЫПАЕШЬСЯ;;;;
